source_task_id,domain,reward_basis,official_reward_basis_fully_local,text_judge_components,action_count,read_action_count,write_action_count,unique_read_tools,unique_write_tools,branch_proxy_count,has_policy_sensitive_decision,is_multistage_reference,status,exclusion_reason,score,goal,reference_action_sequence,reference_action_args,selection_set
2,retail,DB|NL_ASSERTION,false,NL_ASSERTION,11,10,1,find_user_id_by_name_zip|get_order_details|get_product_details|get_user_details,return_delivered_order_items,4,true,true,candidate_structural,,41,"Instructions: 	Domain: retail 	Reason for call: 		You want to know exactly how many tshirt options are available in the online store right now. You want to also return the cleaner, headphone, and smart watch. 	Known info: 		You are Yusuf Rossi in zip code 19122. 	Unknown info: 		You do not remember your email address 	Task instructions: 		.",find_user_id_by_name_zip > get_product_details > get_product_details > get_user_details > get_order_details > get_order_details > get_order_details > get_order_details > get_order_details > get_product_details > return_delivered_order_items,"find_user_id_by_name_zip:{""first_name"": ""Yusuf"", ""last_name"": ""Rossi"", ""zip"": ""19122""} || get_product_details:{""product_id"": ""6086499569""} || get_product_details:{""product_id"": ""9523456873""} || get_user_details:{""user_id"": ""yusuf_rossi_9620""} || get_order_details:{""order_id"": ""#W6247578""} || get_order_details:{""order_id"": ""#W9711842""} || get_order_details:{""order_id"": ""#W4776164""} || get_order_details:{""order_id"": ""#W6679257""} || get_order_details:{""order_id"": ""#W2378156""} || get_product_details:{""product_id"": ""9523456873""} || return_delivered_order_items:{""item_ids"": [""4602305039"", ""4202497723"", ""9408160950""], ""order_id"": ""#W2378156"", ""payment_method_id"": ""credit_card_9513926""}",screened_10_15
3,retail,DB|NL_ASSERTION,false,NL_ASSERTION,12,11,1,find_user_id_by_name_zip|get_order_details|get_product_details|get_user_details,modify_pending_order_items,4,true,true,candidate_structural,,42,"Instructions: 	Domain: retail 	Reason for call: 		You want to know exactly how many tshirt options are available in the online store right now. You want to modify all your pending small tshirt to purple, same size, same v-neck, and prefer polyester. 	Known info: 		You are Yusuf Rossi in zipcode 19122. 	Unknown info: 		You do not remember your email address 	Task instructions: 		You are a private person that does not want to reveal much about yourself.",find_user_id_by_name_zip > get_product_details > get_product_details > get_user_details > get_order_details > get_order_details > get_order_details > get_order_details > get_order_details > get_product_details > get_user_details > modify_pending_order_items,"find_user_id_by_name_zip:{""first_name"": ""Yusuf"", ""last_name"": ""Rossi"", ""zip"": ""19122""} || get_product_details:{""product_id"": ""6086499569""} || get_product_details:{""product_id"": ""9523456873""} || get_user_details:{""user_id"": ""yusuf_rossi_9620""} || get_order_details:{""order_id"": ""#W6247578""} || get_order_details:{""order_id"": ""#W9711842""} || get_order_details:{""order_id"": ""#W4776164""} || get_order_details:{""order_id"": ""#W6679257""} || get_order_details:{""order_id"": ""#W2378156""} || get_product_details:{""product_id"": ""9523456873""} || get_user_details:{""user_id"": ""yusuf_rossi_9620""} || modify_pending_order_items:{""item_ids"": [""8349118980""], ""new_item_ids"": [""9647292434""], ""order_id"": ""#W4776164"", ""payment_method_id"": ""credit_card_9513926""}",screened_10_15
4,retail,DB|NL_ASSERTION,false,NL_ASSERTION,13,11,2,find_user_id_by_name_zip|get_order_details|get_product_details|get_user_details,modify_pending_order_items,4,true,true,candidate_structural,,42,"Instructions: 	Domain: retail 	Reason for call: 		You want to know exactly how many tshirt options are available in the online store right now. You want to modify all your pending tshirts to purple, s size, same v-neck, and prefer polyester. 	Known info: 		You are Yusuf Rossi in zipcode 19122. 	Unknown info: 		You do not remember your email address. 	Task instructions: 		You are a private person that does not want to reveal much about yourself.",find_user_id_by_name_zip > get_product_details > get_product_details > get_user_details > get_order_details > get_order_details > get_order_details > get_order_details > get_order_details > get_product_details > get_user_details > modify_pending_order_items > modify_pending_order_items,"find_user_id_by_name_zip:{""first_name"": ""Yusuf"", ""last_name"": ""Rossi"", ""zip"": ""19122""} || get_product_details:{""product_id"": ""6086499569""} || get_product_details:{""product_id"": ""9523456873""} || get_user_details:{""user_id"": ""yusuf_rossi_9620""} || get_order_details:{""order_id"": ""#W6247578""} || get_order_details:{""order_id"": ""#W9711842""} || get_order_details:{""order_id"": ""#W4776164""} || get_order_details:{""order_id"": ""#W6679257""} || get_order_details:{""order_id"": ""#W2378156""} || get_product_details:{""product_id"": ""9523456873""} || get_user_details:{""user_id"": ""yusuf_rossi_9620""} || modify_pending_order_items:{""item_ids"": [""3799046073""], ""new_item_ids"": [""9647292434""], ""order_id"": ""#W6247578"", ""payment_method_id"": ""credit_card_9513926""} || modify_pending_order_items:{""item_ids"": [""8349118980""], ""new_item_ids"": [""9647292434""], ""order_id"": ""#W4776164"", ""payment_method_id"": ""credit_card_9513926""}",screened_10_15
6,retail,DB|NL_ASSERTION,false,NL_ASSERTION,6,5,1,find_user_id_by_name_zip|get_order_details|get_product_details|get_user_details,exchange_delivered_order_items,4,true,true,candidate_structural,,36,"Instructions: 	Domain: retail 	Reason for call: 		You want to exchange the water bottle and the desk lamp. You want to exchange the water bottle to a bigger one, and the desk lamp to a less bright one (prefer battery > USB > AC). If the agent asks for confirmation, only exchange the desk lamp. 	Known info: 		You are mei_kovacs_8020 living in zipcode 28236. 	Unknown info: 		You do not remember your email address 	Task instructions: 		.",find_user_id_by_name_zip > get_user_details > get_order_details > get_product_details > get_product_details > exchange_delivered_order_items,"find_user_id_by_name_zip:{""first_name"": ""Mei"", ""last_name"": ""Kovacs"", ""zip"": ""28236""} || get_user_details:{""user_id"": ""mei_kovacs_8020""} || get_order_details:{""order_id"": ""#W6390527""} || get_product_details:{""product_id"": ""8310926033""} || get_product_details:{""product_id"": ""6817146515""} || exchange_delivered_order_items:{""item_ids"": [""8384507844""], ""new_item_ids"": [""7453605304""], ""order_id"": ""#W6390527"", ""payment_method_id"": ""paypal_7644869""}",screened_10_15
15,retail,DB|NL_ASSERTION,false,NL_ASSERTION,7,6,1,find_user_id_by_name_zip|get_order_details|get_product_details|get_user_details,modify_pending_order_items,4,true,true,candidate_structural,,37,"Instructions: 	Domain: retail 	Reason for call: 		You want to modify the pending boots to a size 8, and want the material, but do not care about waterproof or not. You prefer PayPal for any payment or refund. 	Known info: 		You are Fatima Johnson in zipcode 78712. 	Unknown info: 		You do not remember your email address 	Task instructions: 		You are a private person that does not want to reveal much about yourself.",find_user_id_by_name_zip > get_user_details > get_order_details > get_order_details > get_order_details > get_product_details > modify_pending_order_items,"find_user_id_by_name_zip:{""first_name"": ""Fatima"", ""last_name"": ""Johnson"", ""zip"": ""78712""} || get_user_details:{""user_id"": ""fatima_johnson_7581""} || get_order_details:{""order_id"": ""#W9389413""} || get_order_details:{""order_id"": ""#W8665881""} || get_order_details:{""order_id"": ""#W5199551""} || get_product_details:{""product_id"": ""7363354090""} || modify_pending_order_items:{""item_ids"": [""1615379700""], ""new_item_ids"": [""3613716226""], ""order_id"": ""#W5199551"", ""payment_method_id"": ""paypal_5364164""}",screened_10_15
16,retail,DB|NL_ASSERTION,false,NL_ASSERTION,9,6,3,calculate|find_user_id_by_name_zip|get_order_details|get_user_details,cancel_pending_order|return_delivered_order_items,5,true,true,candidate_structural,,42,"Instructions: 	Domain: retail 	Reason for call: 		You want to cancel all pending orders (since they are no longer needed) and return the watch you have received (but nothing else), and you want to know the total amount you can get back. 	Known info: 		You are Fatima Johnson in zipcode 78712. 	Unknown info: 		You do not remember your email address 	Task instructions: 		You are a private person that does not want to reveal much about yourself.",find_user_id_by_name_zip > get_user_details > get_order_details > get_order_details > get_order_details > calculate > cancel_pending_order > cancel_pending_order > return_delivered_order_items,"find_user_id_by_name_zip:{""first_name"": ""Fatima"", ""last_name"": ""Johnson"", ""zip"": ""78712""} || get_user_details:{""user_id"": ""fatima_johnson_7581""} || get_order_details:{""order_id"": ""#W5199551""} || get_order_details:{""order_id"": ""#W8665881""} || get_order_details:{""order_id"": ""#W9389413""} || calculate:{""expression"": ""3131.1 + 4777.75 + 367.38""} || cancel_pending_order:{""order_id"": ""#W5199551"", ""reason"": ""no longer needed""} || cancel_pending_order:{""order_id"": ""#W8665881"", ""reason"": ""no longer needed""} || return_delivered_order_items:{""item_ids"": [""2554056026""], ""order_id"": ""#W9389413"", ""payment_method_id"": ""paypal_5364164""}",screened_10_15
19,retail,DB|NL_ASSERTION,false,NL_ASSERTION,7,6,1,find_user_id_by_name_zip|get_order_details|get_product_details|get_user_details,return_delivered_order_items,4,true,true,candidate_structural,,37,"Instructions: 	Domain: retail 	Reason for call: 		You want to return the water bottle, and exchange the pet bed and office chair to the cheapest version. Mention the two things together and you want to get both done. If and only if you can only do one of the two things, you prefer to do whatever saves you most money. Ask the agent how much money you can save in both options. 	Known info: 		You are Mei Davis in zipcode 80217. 	Unknown info: 		You do not remember your email address 	Task instructi",find_user_id_by_name_zip > get_user_details > get_order_details > get_order_details > get_product_details > get_product_details > return_delivered_order_items,"find_user_id_by_name_zip:{""first_name"": ""Mei"", ""last_name"": ""Davis"", ""zip"": ""80217""} || get_user_details:{""user_id"": ""mei_davis_8935""} || get_order_details:{""order_id"": ""#W2890441""} || get_order_details:{""order_id"": ""#W1267569""} || get_product_details:{""product_id"": ""2747247837""} || get_product_details:{""product_id"": ""4794339885""} || return_delivered_order_items:{""item_ids"": [""2366567022""], ""order_id"": ""#W2890441"", ""payment_method_id"": ""credit_card_1061405""}",screened_10_15
20,retail,DB|NL_ASSERTION,false,NL_ASSERTION,10,9,1,find_user_id_by_name_zip|get_order_details|get_product_details|get_user_details,modify_pending_order_items,4,true,true,candidate_structural,,40,"Instructions: 	Domain: retail 	Reason for call: 		You just won a lottery, and you want to upgrade all your items to the most expensive variants (the new variants can have different features from the originals, but make sure the new shoe is still the same size). You only care about the size; the other specs are not important for the shoe or any other item. If for a given order the agent tells you that the upgrade is not possible, tell it to proceed with the next order and forget about this one. Y",find_user_id_by_name_zip > get_user_details > get_order_details > get_order_details > get_product_details > get_product_details > get_product_details > get_product_details > modify_pending_order_items > get_order_details,"find_user_id_by_name_zip:{""first_name"": ""Ethan"", ""last_name"": ""Garcia"", ""zip"": ""80280""} || get_user_details:{""user_id"": ""ethan_garcia_1261""} || get_order_details:{""order_id"": ""#W4967593""} || get_order_details:{""order_id"": ""#W9911714""} || get_product_details:{""product_id"": ""8310926033""} || get_product_details:{""product_id"": ""1656367028""} || get_product_details:{""product_id"": ""6938111410""} || get_product_details:{""product_id"": ""5149340237""} || modify_pending_order_items:{""item_ids"": [""2366567022"", ""1340995114"", ""9791469541"", ""1763705424""], ""new_item_ids"": [""4579334072"", ""1151293680"", ""4107812777"", ""2882812427""], ""order_id"": ""#W9911714"", ""payment_method_id"": ""gift_card_4332117""} || get_order_details:{""order_id"": ""#W5733668""}",screened_10_15
21,retail,DB|NL_ASSERTION,false,NL_ASSERTION,12,11,1,calculate|find_user_id_by_name_zip|get_item_details|get_order_details|get_product_details|get_user_details,modify_pending_order_items,6,true,true,candidate_structural,,46,"Instructions: 	Domain: retail 	Reason for call: 		You want to exchange your shoes to item ID 4107812777, and use your gift card to cover possible charges. But when the agent asks for final confirmation, you add another request and also want to change item ID 1656367028 to item ID 1421289881. IF the agent cannot find item with ID 1656367028, mention that it could be a product ID. You are not familiar with the domain and might confuse product and item ids, so ask the agent to figure out the detail",find_user_id_by_name_zip > get_user_details > get_order_details > get_order_details > get_order_details > get_item_details > get_item_details > get_product_details > get_item_details > get_product_details > calculate > modify_pending_order_items,"find_user_id_by_name_zip:{""first_name"": ""Ethan"", ""last_name"": ""Garcia"", ""zip"": ""80280""} || get_user_details:{""user_id"": ""ethan_garcia_1261""} || get_order_details:{""order_id"": ""#W4967593""} || get_order_details:{""order_id"": ""#W9911714""} || get_order_details:{""order_id"": ""#W5733668""} || get_item_details:{""item_id"": ""4107812777""} || get_item_details:{""item_id"": ""1421289881""} || get_product_details:{""product_id"": ""1656367028""} || get_item_details:{""item_id"": ""4107812777""} || get_product_details:{""product_id"": ""6938111410""} || calculate:{""expression"": ""155.33 - 147.05 + 268.77 - 235.13""} || modify_pending_order_items:{""item_ids"": [""9791469541"", ""1340995114""], ""new_item_ids"": [""4107812777"", ""1421289881""], ""order_id"": ""#W9911714"", ""payment_method_id"": ""gift_card_4332117""}",screened_10_15
23,retail,DB|NL_ASSERTION,false,NL_ASSERTION,12,9,3,find_user_id_by_name_zip|get_order_details|get_product_details|get_user_details,exchange_delivered_order_items|modify_pending_order_items,5,true,true,candidate_structural,,45,"Instructions: 	Domain: retail 	Reason for call: 		You want to exchange the helmet for a medium sized, red, high ventilation type, and you want to exchange the luggage set (in another order) to a two-piece black one with soft material. Lastly, you want to modify the grill you just ordered to the same type as the one you already received. 	Known info: 		You are Sofia Hernandez, and you live in Seattle, WA, 98193. 	Unknown info: 		You do not remember your email address 	Task instructions: 		.",find_user_id_by_name_zip > get_user_details > get_order_details > get_order_details > get_order_details > get_order_details > get_product_details > exchange_delivered_order_items > get_product_details > exchange_delivered_order_items > get_product_details > modify_pending_order_items,"find_user_id_by_name_zip:{""first_name"": ""Sofia"", ""last_name"": ""Hernandez"", ""zip"": ""98193""} || get_user_details:{""user_id"": ""sofia_hernandez_5364""} || get_order_details:{""order_id"": ""#W3561391""} || get_order_details:{""order_id"": ""#W6876713""} || get_order_details:{""order_id"": ""#W9609649""} || get_order_details:{""order_id"": ""#W3947049""} || get_product_details:{""product_id"": ""7765186836""} || exchange_delivered_order_items:{""item_ids"": [""3358616356""], ""new_item_ids"": [""8573379326""], ""order_id"": ""#W3947049"", ""payment_method_id"": ""credit_card_7901829""} || get_product_details:{""product_id"": ""5426915165""} || exchange_delivered_order_items:{""item_ids"": [""6301799585""], ""new_item_ids"": [""8926329222""], ""order_id"": ""#W6876713"", ""payment_method_id"": ""credit_card_7901829""} || get_product_details:{""product_id"": ""6819683148""} || modify_pending_order_items:{""item_ids"": [""5946177616""], ""new_item_ids"": [""7082455361""], ""order_id"": ""#W3561391"", ""payment_method_id"": ""credit_card_7901829""}",screened_10_15
26,retail,DB|NL_ASSERTION,false,NL_ASSERTION,8,6,2,find_user_id_by_name_zip|get_order_details|get_user_details,return_delivered_order_items|transfer_to_human_agents,4,true,true,candidate_structural,,39,"Instructions: 	Domain: retail 	Reason for call: 		You have an order sent to Texas by accident, and you want to know the tracking number of the order, and return all items in it except the pet bed. You don't remember the order number. It is urgent. 	Known info: 		You are Isabella Johansson, and you live in zipcode 32286. 	Unknown info: 		You do not remember your email address 	Task instructions: 		.",find_user_id_by_name_zip > get_user_details > get_order_details > get_order_details > get_order_details > get_order_details > return_delivered_order_items > transfer_to_human_agents,"find_user_id_by_name_zip:{""first_name"": ""Isabella"", ""last_name"": ""Johansson"", ""zip"": ""32286""} || get_user_details:{""user_id"": ""isabella_johansson_2152""} || get_order_details:{""order_id"": ""#W3792453""} || get_order_details:{""order_id"": ""#W7181492""} || get_order_details:{""order_id"": ""#W5565470""} || get_order_details:{""order_id"": ""#W2575533""} || return_delivered_order_items:{""item_ids"": [""7602931732"", ""9570044148""], ""order_id"": ""#W5565470"", ""payment_method_id"": ""paypal_3024827""} || transfer_to_human_agents:{""summary"": ""The user wants to refund to the amex credit card, but the agent cannot help.""}",screened_10_15
28,retail,DB|NL_ASSERTION,false,NL_ASSERTION,11,8,3,calculate|find_user_id_by_name_zip|get_order_details|get_user_details,return_delivered_order_items,4,true,true,candidate_structural,,41,"Instructions: 	Domain: retail 	Reason for call: 		You want to return the skateboard, garden hose, backpack, keyboard, and bed. You also want to cancel the garden hose from the pending order you just placed (you ONLY want to cancel that hose — if this would require cancelling the entire order, tell the agent not to do it). Make sure ALL the items you want to return are returned: first return the skateboard, then the garden hose and backpack, then the keyboard and bed. Finally, you want to know th",find_user_id_by_name_zip > get_user_details > get_order_details > get_order_details > get_order_details > get_order_details > return_delivered_order_items > return_delivered_order_items > return_delivered_order_items > get_order_details > calculate,"find_user_id_by_name_zip:{""first_name"": ""Isabella"", ""last_name"": ""Johansson"", ""zip"": ""32286""} || get_user_details:{""user_id"": ""isabella_johansson_2152""} || get_order_details:{""order_id"": ""#W3792453""} || get_order_details:{""order_id"": ""#W7181492""} || get_order_details:{""order_id"": ""#W5565470""} || get_order_details:{""order_id"": ""#W2575533""} || return_delivered_order_items:{""item_ids"": [""4293355847""], ""order_id"": ""#W3792453"", ""payment_method_id"": ""paypal_3024827""} || return_delivered_order_items:{""item_ids"": [""5753502325"", ""9851293632""], ""order_id"": ""#W7181492"", ""payment_method_id"": ""paypal_3024827""} || return_delivered_order_items:{""item_ids"": [""9570044148"", ""6857426243""], ""order_id"": ""#W5565470"", ""payment_method_id"": ""paypal_3024827""} || get_order_details:{""order_id"": ""#W2575533""} || calculate:{""expression"": ""200.8 + 96.35 + 193.38 + 231.37 + 196.53""}",screened_10_15
30,retail,DB|NL_ASSERTION,false,NL_ASSERTION,13,10,3,find_user_id_by_name_zip|get_order_details|get_product_details|get_user_details,cancel_pending_order|return_delivered_order_items,5,true,true,candidate_structural,,45,"Instructions: 	Domain: retail 	Reason for call: 		You just received your tablet and it was damaged when you opened the package. You want to know the tracking number of that order first. Also if the agent can help you exchange or return the tablet (you prefer exchange for the same item, but if it is not available just return it). If tablet is returned, also cancel the charger you just bought, because it goes with the tablet. And finally, return the sneaker. 	Known info: 		You are Olivia Lopez, an",find_user_id_by_name_zip > get_user_details > get_order_details > get_order_details > get_order_details > get_product_details > return_delivered_order_items > get_order_details > cancel_pending_order > get_order_details > get_order_details > get_order_details > return_delivered_order_items,"find_user_id_by_name_zip:{""first_name"": ""Olivia"", ""last_name"": ""Lopez"", ""zip"": ""76171""} || get_user_details:{""user_id"": ""olivia_lopez_3865""} || get_order_details:{""order_id"": ""#W9319364""} || get_order_details:{""order_id"": ""#W9373487""} || get_order_details:{""order_id"": ""#W2692684""} || get_product_details:{""product_id"": ""8024098596""} || return_delivered_order_items:{""item_ids"": [""3788616824""], ""order_id"": ""#W2692684"", ""payment_method_id"": ""gift_card_7711863""} || get_order_details:{""order_id"": ""#W9373487""} || cancel_pending_order:{""order_id"": ""#W9373487"", ""reason"": ""no longer needed""} || get_order_details:{""order_id"": ""#W2692684""} || get_order_details:{""order_id"": ""#W5481803""} || get_order_details:{""order_id"": ""#W7449508""} || return_delivered_order_items:{""item_ids"": [""6477915553""], ""order_id"": ""#W7449508"", ""payment_method_id"": ""gift_card_7711863""}",screened_10_15
31,retail,DB|NL_ASSERTION,false,NL_ASSERTION,12,10,2,find_user_id_by_name_zip|get_order_details|get_user_details,cancel_pending_order|return_delivered_order_items,4,true,true,candidate_structural,,43,"Instructions: 	Domain: retail 	Reason for call: 		. You just lost your tablet you just received and are in a bad mood. You want to know the tracking number of the order, and if the agent can help you refund or reorder the tablet. (You know it's a long shot, but you want to try). If not, cancel the charger you just bought, because it goes with the tablet... Also cancel the boot and keep the kettle (if not possible, do not do anything on that order), and return the sneaker. 	Known info: 		You are ",find_user_id_by_name_zip > get_user_details > get_order_details > get_order_details > get_order_details > get_order_details > get_order_details > get_order_details > cancel_pending_order > get_order_details > get_order_details > return_delivered_order_items,"find_user_id_by_name_zip:{""first_name"": ""Olivia"", ""last_name"": ""Lopez"", ""zip"": ""76171""} || get_user_details:{""user_id"": ""olivia_lopez_3865""} || get_order_details:{""order_id"": ""#W9319364""} || get_order_details:{""order_id"": ""#W9373487""} || get_order_details:{""order_id"": ""#W2692684""} || get_order_details:{""order_id"": ""#W5481803""} || get_order_details:{""order_id"": ""#W7449508""} || get_order_details:{""order_id"": ""#W9373487""} || cancel_pending_order:{""order_id"": ""#W9373487"", ""reason"": ""no longer needed""} || get_order_details:{""order_id"": ""#W5481803""} || get_order_details:{""order_id"": ""#W7449508""} || return_delivered_order_items:{""item_ids"": [""6477915553""], ""order_id"": ""#W7449508"", ""payment_method_id"": ""gift_card_7711863""}",screened_10_15
32,retail,DB|NL_ASSERTION,false,NL_ASSERTION,13,10,3,find_user_id_by_name_zip|get_order_details|get_user_details,cancel_pending_order|return_delivered_order_items,4,true,true,candidate_structural,,43,"Instructions: 	Domain: retail 	Reason for call: 		You just lost your tablet you just received and are in a bad mood. You want to know the tracking number of the order, and if the agent can help you refund or reorder the tablet. (You know it's a long shot, but you want to try). If not, cancel the charger you just bought, because it goes with the tablet... Also cancel the boot and kettle, and return the sneaker. 	Known info: 		You are Olivia Lopez, and you live in Texas in zipcode 76171. 	Unknown ",find_user_id_by_name_zip > get_user_details > get_order_details > get_order_details > get_order_details > get_order_details > get_order_details > get_order_details > cancel_pending_order > get_order_details > cancel_pending_order > get_order_details > return_delivered_order_items,"find_user_id_by_name_zip:{""first_name"": ""Olivia"", ""last_name"": ""Lopez"", ""zip"": ""76171""} || get_user_details:{""user_id"": ""olivia_lopez_3865""} || get_order_details:{""order_id"": ""#W9319364""} || get_order_details:{""order_id"": ""#W9373487""} || get_order_details:{""order_id"": ""#W2692684""} || get_order_details:{""order_id"": ""#W5481803""} || get_order_details:{""order_id"": ""#W7449508""} || get_order_details:{""order_id"": ""#W9373487""} || cancel_pending_order:{""order_id"": ""#W9373487"", ""reason"": ""no longer needed""} || get_order_details:{""order_id"": ""#W5481803""} || cancel_pending_order:{""order_id"": ""#W5481803"", ""reason"": ""no longer needed""} || get_order_details:{""order_id"": ""#W7449508""} || return_delivered_order_items:{""item_ids"": [""6477915553""], ""order_id"": ""#W7449508"", ""payment_method_id"": ""gift_card_7711863""}",screened_10_15
35,retail,DB|NL_ASSERTION,false,NL_ASSERTION,7,5,2,find_user_id_by_email|get_order_details|get_product_details|get_user_details,modify_pending_order_items|return_delivered_order_items,5,true,true,candidate_structural,,40,"Instructions: 	Domain: retail 	Reason for call: 		You want to return the speaker that is more expensive yet not resistent to water. Also, You want to modify the 17-inch laptop to the 13-inch version in another order. If no exact item is available, you want to know all available 13-inch options, and you prefer i5 over i7, and prefer silver and black than other colors. 	Known info: 		You are aarav_santos_2259 and aarav.santos8321@example.com and aarav.santos8320@example.com. 	Task instructions: 		",find_user_id_by_email > find_user_id_by_email > get_user_details > get_order_details > get_product_details > return_delivered_order_items > modify_pending_order_items,"find_user_id_by_email:{""email"": ""aarav.santos8321@example.com""} || find_user_id_by_email:{""email"": ""aarav.santos8320@example.com""} || get_user_details:{""user_id"": ""aarav_santos_2259""} || get_order_details:{""order_id"": ""#W9672333""} || get_product_details:{""product_id"": ""4760268021""} || return_delivered_order_items:{""item_ids"": [""6704763132""], ""order_id"": ""#W8528674"", ""payment_method_id"": ""paypal_7664977""} || modify_pending_order_items:{""item_ids"": [""1684786391""], ""new_item_ids"": [""5052031638""], ""order_id"": ""#W9672333"", ""payment_method_id"": ""paypal_7664977""}",screened_10_15
41,retail,DB|NL_ASSERTION,false,NL_ASSERTION,10,9,1,find_user_id_by_name_zip|get_order_details|get_product_details|get_user_details|modify_pending_order_address|modify_user_address,modify_pending_order_items,6,true,true,candidate_structural,,44,"Instructions: 	Domain: retail 	Reason for call: 		You just created your user id mei_patel_7272 and ordered some things, but you have two problems: first, the 1000-piece intermediate jigsaw might be too hard for your little kid, you wonder if you can change it to the easiest one with fewest pieces; second, you might have typed your address wrong. You want to check it, and potentially correct all order addresses and your user address. Make sure you mention these two problems at the same time in th",find_user_id_by_name_zip > get_user_details > get_order_details > get_order_details > modify_pending_order_address > modify_pending_order_address > modify_user_address > get_product_details > get_order_details > modify_pending_order_items,"find_user_id_by_name_zip:{""first_name"": ""Mei"", ""last_name"": ""Patel"", ""zip"": ""76165""} || get_user_details:{""user_id"": ""mei_patel_7272""} || get_order_details:{""order_id"": ""#W9583042""} || get_order_details:{""order_id"": ""#W4082615""} || modify_pending_order_address:{""address1"": ""445 Maple Drive"", ""address2"": ""Suite 394"", ""city"": ""Fort Worth"", ""country"": ""USA"", ""order_id"": ""#W9583042"", ""state"": ""TX"", ""zip"": ""76165""} || modify_pending_order_address:{""address1"": ""445 Maple Drive"", ""address2"": ""Suite 394"", ""city"": ""Fort Worth"", ""country"": ""USA"", ""order_id"": ""#W4082615"", ""state"": ""TX"", ""zip"": ""76165""} || modify_user_address:{""address1"": ""445 Maple Drive"", ""address2"": ""Suite 394"", ""city"": ""Fort Worth"", ""country"": ""USA"", ""state"": ""TX"", ""user_id"": ""mei_patel_7272"", ""zip"": ""76165""} || get_product_details:{""product_id"": ""1808611083""} || get_order_details:{""order_id"": ""#W4082615""} || modify_pending_order_items:{""item_ids"": [""9779102705""], ""new_item_ids"": [""1096508426""], ""order_id"": ""#W4082615"", ""payment_method_id"": ""paypal_4768213""}",screened_10_15
42,retail,DB|NL_ASSERTION,false,NL_ASSERTION,10,9,1,find_user_id_by_name_zip|get_order_details|get_product_details|get_user_details|modify_pending_order_address|modify_user_address,modify_pending_order_items,6,true,true,candidate_structural,,44,"Instructions: 	Domain: retail 	Reason for call: 		You just created your user id mei_patel_7272 and ordered some things, but realized you might have typed your address wrong. You want to check it, and potentially correct all order addresses and your user address. After this, you'd like to check the jigsaw you ordered, and if it's not shipped yet, you want to change it to the easiest jigsaw (easiest level, least pieces) because your kid is too young. By default you use PayPal. 	Known info: 		Your ",find_user_id_by_name_zip > get_user_details > get_order_details > get_order_details > modify_pending_order_address > modify_pending_order_address > modify_user_address > get_product_details > get_order_details > modify_pending_order_items,"find_user_id_by_name_zip:{""first_name"": ""Mei"", ""last_name"": ""Patel"", ""zip"": ""76165""} || get_user_details:{""user_id"": ""mei_patel_7272""} || get_order_details:{""order_id"": ""#W9583042""} || get_order_details:{""order_id"": ""#W4082615""} || modify_pending_order_address:{""address1"": ""445 Maple Drive"", ""address2"": ""Suite 394"", ""city"": ""Fort Worth"", ""country"": ""USA"", ""order_id"": ""#W9583042"", ""state"": ""TX"", ""zip"": ""76165""} || modify_pending_order_address:{""address1"": ""445 Maple Drive"", ""address2"": ""Suite 394"", ""city"": ""Fort Worth"", ""country"": ""USA"", ""order_id"": ""#W4082615"", ""state"": ""TX"", ""zip"": ""76165""} || modify_user_address:{""address1"": ""445 Maple Drive"", ""address2"": ""Suite 394"", ""city"": ""Fort Worth"", ""country"": ""USA"", ""state"": ""TX"", ""user_id"": ""mei_patel_7272"", ""zip"": ""76165""} || get_product_details:{""product_id"": ""1808611083""} || get_order_details:{""order_id"": ""#W4082615""} || modify_pending_order_items:{""item_ids"": [""9779102705""], ""new_item_ids"": [""1096508426""], ""order_id"": ""#W4082615"", ""payment_method_id"": ""paypal_4768213""}",screened_10_15
49,retail,DB|NL_ASSERTION,false,NL_ASSERTION,10,9,1,calculate|find_user_id_by_name_zip|get_order_details|get_product_details|get_user_details,exchange_delivered_order_items,5,true,true,candidate_structural,,42,"Instructions: 	Domain: retail 	Reason for call: 		You mistakenly ordered a Wireless Earbud with an IPX7 water resistance level, but you don't require this feature. You wish to exchange it for one with the same water resistance level as the other Wireless Earbuds that you've purchased. In fact, you want to exchange it to the cheapest earbud item from the rest of that order. 	Known info: 		You are Aarav Anderson, residing in Philadelphia 19031. 	Unknown info: 		You do not remember your email addre",find_user_id_by_name_zip > get_user_details > get_order_details > get_order_details > get_order_details > get_order_details > get_order_details > get_product_details > calculate > exchange_delivered_order_items,"find_user_id_by_name_zip:{""first_name"": ""Aarav"", ""last_name"": ""Anderson"", ""zip"": ""19031""} || get_user_details:{""user_id"": ""aarav_anderson_8794""} || get_order_details:{""order_id"": ""#W4316152""} || get_order_details:{""order_id"": ""#W9311069""} || get_order_details:{""order_id"": ""#W9300146""} || get_order_details:{""order_id"": ""#W3220203""} || get_order_details:{""order_id"": ""#W3470184""} || get_product_details:{""product_id"": ""9924732112""} || calculate:{""expression"": ""258.97 - 232.49""} || exchange_delivered_order_items:{""item_ids"": [""2757705742""], ""new_item_ids"": [""1646531091""], ""order_id"": ""#W3470184"", ""payment_method_id"": ""gift_card_7245904""}",screened_10_15
54,retail,DB|NL_ASSERTION,false,NL_ASSERTION,12,9,3,find_user_id_by_email|get_order_details|get_user_details,cancel_pending_order|return_delivered_order_items,4,true,true,candidate_structural,,43,"Instructions: 	Domain: retail 	Reason for call: 		You recently faced a financial issue and want to cancel or return all possible orders.  Well, except the boots that you really really love, but you are happy to exchange it for boots of the exact same size and material to get maximum money back, but only if they are cheaper than what you have paid. If there are NO cheaper boots available you want the agent to keep the order and cancel the other items. At the end of the day, you ask the agent how ",find_user_id_by_email > find_user_id_by_email > get_user_details > get_order_details > get_order_details > get_order_details > get_order_details > get_order_details > get_order_details > cancel_pending_order > cancel_pending_order > return_delivered_order_items,"find_user_id_by_email:{""email"": ""silva7872@example.com""} || find_user_id_by_email:{""email"": ""amelia.silva7872@example.com""} || get_user_details:{""user_id"": ""amelia_silva_7726""} || get_order_details:{""order_id"": ""#W2586676""} || get_order_details:{""order_id"": ""#W5400801""} || get_order_details:{""order_id"": ""#W4597054""} || get_order_details:{""order_id"": ""#W4836353""} || get_order_details:{""order_id"": ""#W7773202""} || get_order_details:{""order_id"": ""#W7342738""} || cancel_pending_order:{""order_id"": ""#W4836353"", ""reason"": ""no longer needed""} || cancel_pending_order:{""order_id"": ""#W7342738"", ""reason"": ""no longer needed""} || return_delivered_order_items:{""item_ids"": [""5669664287"", ""4900990404"", ""9862136885"", ""6777246137""], ""order_id"": ""#W4597054"", ""payment_method_id"": ""gift_card_3491931""}",screened_10_15
55,retail,DB|NL_ASSERTION,false,NL_ASSERTION,13,9,4,find_user_id_by_email|get_order_details|get_user_details,cancel_pending_order|return_delivered_order_items,4,true,true,candidate_structural,,43,"Instructions: 	Domain: retail 	Reason for call: 		You recently faced a financial issue and want to cancel or return all possible orders. First, cancel the orders that haven't arrived yet. Then, return everything from the orders that have been delivered — you don't remember exactly which items you ordered, so ask the agent to list them before proceeding with the returns. 	Known info: 		You are Amelia, and you have two emails: silva7872@example.com and amelia.silva7872@example.com. You live in Phi",find_user_id_by_email > find_user_id_by_email > get_user_details > get_order_details > get_order_details > get_order_details > get_order_details > get_order_details > get_order_details > cancel_pending_order > cancel_pending_order > return_delivered_order_items > return_delivered_order_items,"find_user_id_by_email:{""email"": ""silva7872@example.com""} || find_user_id_by_email:{""email"": ""amelia.silva7872@example.com""} || get_user_details:{""user_id"": ""amelia_silva_7726""} || get_order_details:{""order_id"": ""#W2586676""} || get_order_details:{""order_id"": ""#W5400801""} || get_order_details:{""order_id"": ""#W4597054""} || get_order_details:{""order_id"": ""#W4836353""} || get_order_details:{""order_id"": ""#W7773202""} || get_order_details:{""order_id"": ""#W7342738""} || cancel_pending_order:{""order_id"": ""#W4836353"", ""reason"": ""no longer needed""} || cancel_pending_order:{""order_id"": ""#W7342738"", ""reason"": ""no longer needed""} || return_delivered_order_items:{""item_ids"": [""5669664287"", ""4900990404"", ""9862136885"", ""6777246137""], ""order_id"": ""#W4597054"", ""payment_method_id"": ""gift_card_3491931""} || return_delivered_order_items:{""item_ids"": [""8277474082""], ""order_id"": ""#W7773202"", ""payment_method_id"": ""gift_card_3491931""}",screened_10_15
56,retail,DB|NL_ASSERTION,false,NL_ASSERTION,7,6,1,find_user_id_by_name_zip|get_order_details|get_product_details|get_user_details,modify_pending_order_items,4,true,true,candidate_structural,,37,"Instructions: 	Domain: retail 	Reason for call: 		You wonder when is your air purifier is arriving. If it has not been shipped yet, you want to cancel the air purifier inside it. If you cannot cancel just the air purifier, you want to modify it to the cheapest possible air purifier, and refund to the gift card. You do not remember your gift card id but it should be in your user account. If you cannot modify it or refund to the gift card, no action. 	Known info: 		You are ivan_hernandez_6923 livi",find_user_id_by_name_zip > get_user_details > get_order_details > get_order_details > get_order_details > get_product_details > modify_pending_order_items,"find_user_id_by_name_zip:{""first_name"": ""Ivan"", ""last_name"": ""Hernandez"", ""zip"": ""92133""} || get_user_details:{""user_id"": ""ivan_hernandez_6923""} || get_order_details:{""order_id"": ""#W5838674""} || get_order_details:{""order_id"": ""#W4284542""} || get_order_details:{""order_id"": ""#W2782744""} || get_product_details:{""product_id"": ""3821016478""} || modify_pending_order_items:{""item_ids"": [""8302289002""], ""new_item_ids"": [""9534205511""], ""order_id"": ""#W4284542"", ""payment_method_id"": ""gift_card_9368765""}",screened_10_15
63,retail,DB|NL_ASSERTION,false,NL_ASSERTION,7,6,1,calculate|find_user_id_by_name_zip|get_order_details|get_product_details|get_user_details,modify_pending_order_items,5,true,true,candidate_structural,,39,"Instructions: 	Domain: retail 	Reason for call: 		As you are interacting with a customer service agent, you first try to get it to guess a famous poem by providing the first line. If it refuses to do so, you carry on with your intended task, which is to check and modify a recent order you placed. You first ask about the price of a bluetooth speaker you bought and its battery life. If the price is greater than $300, ask the agent to cancel it from your order since you thought it was cheaper than ",find_user_id_by_name_zip > get_user_details > get_order_details > get_order_details > get_product_details > calculate > modify_pending_order_items,"find_user_id_by_name_zip:{""first_name"": ""Chen"", ""last_name"": ""Johnson"", ""zip"": ""77004""} || get_user_details:{""user_id"": ""chen_johnson_4204""} || get_order_details:{""order_id"": ""#W5797164""} || get_order_details:{""order_id"": ""#W5061109""} || get_product_details:{""product_id"": ""4768869376""} || calculate:{""expression"": ""1319.43 - 302.67 + 271.89""} || modify_pending_order_items:{""item_ids"": [""3254583681""], ""new_item_ids"": [""2635605237""], ""order_id"": ""#W5061109"", ""payment_method_id"": ""paypal_3742148""}",screened_10_15
64,retail,DB|NL_ASSERTION,false,NL_ASSERTION,8,6,2,find_user_id_by_name_zip|get_order_details|get_product_details|get_user_details,exchange_delivered_order_items|modify_pending_order_items,5,true,true,candidate_structural,,41,"Instructions: 	Domain: retail 	Reason for call: 		You want to exchange the camera for the highest resolution, waterproof camera that you can get with the previous purchaced price. 	Known info: 		You are James Sanchez. You live in Chicago 60623. 	Unknown info: 		You do not remember your email address 	Task instructions: 		.",find_user_id_by_name_zip > get_user_details > get_order_details > get_order_details > get_order_details > get_product_details > exchange_delivered_order_items > modify_pending_order_items,"find_user_id_by_name_zip:{""first_name"": ""James"", ""last_name"": ""Sanchez"", ""zip"": ""60623""} || get_user_details:{""user_id"": ""james_sanchez_3954""} || get_order_details:{""order_id"": ""#W7464385""} || get_order_details:{""order_id"": ""#W8499625""} || get_order_details:{""order_id"": ""#W1279004""} || get_product_details:{""product_id"": ""3377618313""} || exchange_delivered_order_items:{""item_ids"": [""1810466394""], ""new_item_ids"": [""6700049080""], ""order_id"": ""#W7464385"", ""payment_method_id"": ""paypal_1261484""} || modify_pending_order_items:{""item_ids"": [""1810466394""], ""new_item_ids"": [""6700049080""], ""order_id"": ""#W7464385"", ""payment_method_id"": ""paypal_1261484""}",screened_10_15
7,airline,DB|COMMUNICATE,false,COMMUNICATE,5,2,3,get_reservation_details,cancel_reservation|update_reservation_flights,2,true,true,candidate_structural,,32,"Instructions: 	Domain: airline 	Reason for call: 		You want to cancel your upcoming flights within reservation IDs XEHM4B and 59XX6W. 	Known info: 		Your user id is 'daiki_muller_1116'. 	Task instructions: 		If the agent says either of the two reservations is basic economy, ask to upgrade to business first and then cancel the reservation (Using the CC ending in 2135).  		You are very persistent and terse but clear.  		You are sick.  		In the middle of the conversation after the third agent messa",get_reservation_details > get_reservation_details > update_reservation_flights > cancel_reservation > cancel_reservation,"get_reservation_details:{""reservation_id"": ""XEHM4B""} || get_reservation_details:{""reservation_id"": ""59XX6W""} || update_reservation_flights:{""cabin"": ""business"", ""flights"": [{""date"": ""2024-05-20"", ""flight_number"": ""HAT005""}, {""date"": ""2024-05-30"", ""flight_number"": ""HAT178""}], ""payment_id"": ""credit_card_2408938"", ""reservation_id"": ""XEHM4B""} || cancel_reservation:{""reservation_id"": ""XEHM4B""} || cancel_reservation:{""reservation_id"": ""59XX6W""}",screened_10_15
12,airline,DB|COMMUNICATE,false,COMMUNICATE,5,4,1,calculate|get_reservation_details|search_direct_flight,update_reservation_baggages,3,true,true,candidate_structural,,33,"Instructions: 	Domain: airline 	Reason for call: 		You have an upcoming flight from Boston to Minneapolis under reservation ID YAX4DR.  		You want to change your class for all passengers to business.  		You also want to add 2 checked bags under your name using your Gold membership even if the upgrade is not possible. 	Known info: 		Your name is Chen Lee.  		Your user id is chen_lee_6825. 	Task instructions: 		You are willing to pay a fee for the business class changes, up to $650.  		If the cost",get_reservation_details > search_direct_flight > search_direct_flight > calculate > update_reservation_baggages,"get_reservation_details:{""reservation_id"": ""YAX4DR""} || search_direct_flight:{""date"": ""2024-05-18"", ""destination"": ""MCO"", ""origin"": ""BOS""} || search_direct_flight:{""date"": ""2024-05-19"", ""destination"": ""MSP"", ""origin"": ""MCO""} || calculate:{""expression"": ""2 * ((350 - 122) + (499 - 127))""} || update_reservation_baggages:{""nonfree_baggages"": 0, ""payment_id"": ""credit_card_4938634"", ""reservation_id"": ""YAX4DR"", ""total_baggages"": 2}",screened_10_15
32,airline,DB|COMMUNICATE,false,COMMUNICATE,5,3,2,get_reservation_details|get_user_details|search_direct_flight,update_reservation_flights,3,true,true,candidate_structural,,33,"Instructions: 	Domain: airline 	Reason for call: 		You want to change your upcoming flight from EWR on May 21 to a nonstop flight on the same day.   		Your mother is really sick and you need to get back home sooner to take care of her. 	Known info: 		You are Ivan Rossi. 		Your user id is ivan_rossi_8555. 	Task instructions: 		If the agent says your ticket is a basic economy one, you are willing to upgrade to economy in order to make the change.  		You are willing to pay up to $100 for the change",get_user_details > get_reservation_details > search_direct_flight > update_reservation_flights > update_reservation_flights,"get_user_details:{""user_id"": ""ivan_rossi_8555""} || get_reservation_details:{""reservation_id"": ""OWZ4XL""} || search_direct_flight:{""date"": ""2024-05-21"", ""destination"": ""LAX"", ""origin"": ""EWR""} || update_reservation_flights:{""cabin"": ""economy"", ""flights"": [{""date"": ""2024-05-21"", ""flight_number"": ""HAT202""}, {""date"": ""2024-05-21"", ""flight_number"": ""HAT232""}], ""payment_id"": ""credit_card_9659780"", ""reservation_id"": ""OWZ4XL""} || update_reservation_flights:{""cabin"": ""economy"", ""flights"": [{""date"": ""2024-05-21"", ""flight_number"": ""HAT041""}], ""payment_id"": ""credit_card_9659780"", ""reservation_id"": ""OWZ4XL""}",screened_10_15
33,airline,DB|COMMUNICATE,false,COMMUNICATE,5,3,2,get_reservation_details|search_direct_flight,update_reservation_baggages|update_reservation_flights,3,true,true,candidate_structural,,34,"Instructions: 	Domain: airline 	Reason for call: 		You want to change your upcoming outgoing flight in reservation HXDUBJ to a nonstop flight on the next day (i.e. delay by one day).  		You also want to move back your return from SFO by one day. 	Known info: 		You are Yara Garcia. 		Your user id is yara_garcia_1905. 	Task instructions: 		You only want flights departing after 8am and before 9pm.   		If the agent asks you to pay a fee for the changes, mention that you have insurance and therefore ",get_reservation_details > search_direct_flight > search_direct_flight > update_reservation_flights > update_reservation_baggages,"get_reservation_details:{""reservation_id"": ""HXDUBJ""} || search_direct_flight:{""date"": ""2024-05-19"", ""destination"": ""SFO"", ""origin"": ""IAH""} || search_direct_flight:{""date"": ""2024-05-21"", ""destination"": ""IAH"", ""origin"": ""SFO""} || update_reservation_flights:{""cabin"": ""economy"", ""flights"": [{""date"": ""2024-05-19"", ""flight_number"": ""HAT072""}, {""date"": ""2024-05-23"", ""flight_number"": ""HAT278""}], ""payment_id"": ""gift_card_6941833"", ""reservation_id"": ""HXDUBJ""} || update_reservation_baggages:{""nonfree_baggages"": 0, ""payment_id"": ""gift_card_6941833"", ""reservation_id"": ""HXDUBJ"", ""total_baggages"": 2}",screened_10_15
39,airline,DB|COMMUNICATE,false,COMMUNICATE,11,8,3,get_reservation_details|get_user_details,cancel_reservation,2,true,true,candidate_structural,,37,"Instructions: 	Domain: airline 	Reason for call: 		You want to cancel all of your upcoming flights. 	Known info: 		You are Amelia Davis.  		Your user id is amelia_davis_8890.   		You are French by birth and your English is not perfect.   		You occasionally insert French words when you communicate. 	Unknown info: 		You don't know any of your reservation ids. 	Task instructions: 		Even if the agent says you will not receive a refund for some of them, you want to proceed anyway so that you can give",get_user_details > get_reservation_details > get_reservation_details > get_reservation_details > get_reservation_details > get_reservation_details > get_reservation_details > get_reservation_details > cancel_reservation > cancel_reservation > cancel_reservation,"get_user_details:{""user_id"": ""amelia_davis_8890""} || get_reservation_details:{""reservation_id"": ""8C8K4E""} || get_reservation_details:{""reservation_id"": ""UDMOP1""} || get_reservation_details:{""reservation_id"": ""XAZ3C0""} || get_reservation_details:{""reservation_id"": ""LU15PA""} || get_reservation_details:{""reservation_id"": ""MSJ4OA""} || get_reservation_details:{""reservation_id"": ""I6M8JQ""} || get_reservation_details:{""reservation_id"": ""4XGCCM""} || cancel_reservation:{""reservation_id"": ""8C8K4E""} || cancel_reservation:{""reservation_id"": ""LU15PA""} || cancel_reservation:{""reservation_id"": ""MSJ4OA""}",screened_10_15
42,airline,DB|COMMUNICATE,false,COMMUNICATE,10,8,2,get_reservation_details|get_user_details,cancel_reservation,2,true,true,candidate_structural,,36,Instructions: 	Domain: airline 	Reason for call: 		You had a mixup with your assistant and booked multiple flights for the same day. 	Known info: 		You are Sophia Martin. 		Your user id is sophia_martin_4574. 	Task instructions: 		You want to first check if there are cases like this in your profile. You want the agent to fix the situation for you. You just know that you will be in arriving in New York from Dallas on May 17 and will be leaving Boston on May 22. You want to let the agent figure ou,get_user_details > get_reservation_details > get_reservation_details > get_reservation_details > get_reservation_details > get_reservation_details > get_reservation_details > get_reservation_details > cancel_reservation > cancel_reservation,"get_user_details:{""user_id"": ""sophia_martin_4574""} || get_reservation_details:{""reservation_id"": ""MFRB94""} || get_reservation_details:{""reservation_id"": ""PUNERT""} || get_reservation_details:{""reservation_id"": ""HSR97W""} || get_reservation_details:{""reservation_id"": ""SE9KEL""} || get_reservation_details:{""reservation_id"": ""FDZ0T5""} || get_reservation_details:{""reservation_id"": ""HTR26G""} || get_reservation_details:{""reservation_id"": ""5BGGWZ""} || cancel_reservation:{""reservation_id"": ""FDZ0T5""} || cancel_reservation:{""reservation_id"": ""HSR97W""}",screened_10_15
44,airline,DB|COMMUNICATE,false,COMMUNICATE,19,16,3,get_reservation_details|get_user_details|search_direct_flight,update_reservation_flights,3,true,true,candidate_structural,,40,"Instructions: 	Domain: airline 	Reason for call: 		You want to cancel all your future reservations that contain any flights that are longer than 4 hours.   		You need the agent to tell you the flight durations to make the right decision. For the flights that are under or equal to 3 hours (including layovers), ask the agent to upgrade you to business wherever possible. 	Known info: 		You are Sophia Silva. 		Your user id is sophia_silva_7557. 	Task instructions: 		You are busy so for both the canc",get_user_details > get_reservation_details > get_reservation_details > get_reservation_details > get_reservation_details > get_reservation_details > search_direct_flight > search_direct_flight > search_direct_flight > search_direct_flight > search_direct_flight > search_direct_flight > search_direct_flight > search_direct_flight > search_direct_flight > search_direct_flight > update_reservation_flights > update_reservation_flights > update_reservation_flights,"get_user_details:{""user_id"": ""sophia_silva_7557""} || get_reservation_details:{""reservation_id"": ""NM1VX1""} || get_reservation_details:{""reservation_id"": ""KC18K6""} || get_reservation_details:{""reservation_id"": ""S61CZX""} || get_reservation_details:{""reservation_id"": ""H8Q05L""} || get_reservation_details:{""reservation_id"": ""WUNA5K""} || search_direct_flight:{""date"": ""2024-05-25"", ""destination"": ""EWR"", ""origin"": ""MSP""} || search_direct_flight:{""date"": ""2024-05-27"", ""destination"": ""MSP"", ""origin"": ""EWR""} || search_direct_flight:{""date"": ""2024-05-21"", ""destination"": ""EWR"", ""origin"": ""MSP""} || search_direct_flight:{""date"": ""2024-05-21"", ""destination"": ""CLT"", ""origin"": ""EWR""} || search_direct_flight:{""date"": ""2024-05-23"", ""destination"": ""EWR"", ""origin"": ""LAX""} || search_direct_flight:{""date"": ""2024-05-24"", ""destination"": ""CLT"", ""origin"": ""EWR""} || search_direct_flight:{""date"": ""2024-05-24"", ""destination"": ""EWR"", ""origin"": ""CLT""} || search_direct_flight:{""date"": ""2024-05-25"", ""destination"": ""LAX"", ""origin"": ""EWR""} || search_direct_flight:{""date"": ""2024-05-24"", ""destination"": ""ATL"", ""origin"": ""JFK""} || search_direct_flight:{""date"": ""2024-05-10"", ""destination"": ""PHL"", ""origin"": ""ORD""} || update_reservation_flights:{""cabin"": ""business"", ""flights"": [{""date"": ""2024-05-25"", ""flight_number"": ""HAT300""}, {""date"": ""2024-05-27"", ""flight_number"": ""HAT208""}], ""payment_id"": ""credit_card_4196779"", ""reservation_id"": ""NM1VX1""} || update_reservation_flights:{""cabin"": ""business"", ""flights"": [{""date"": ""2024-05-24"", ""flight_number"": ""HAT268""}], ""payment_id"": ""credit_card_4196779"", ""reservation_id"": ""H8Q05L""} || update_reservation_flights:{""cabin"": ""business"", ""flights"": [{""date"": ""2024-05-21"", ""flight_number"": ""HAT300""}, {""date"": ""2024-05-21"", ""flight_number"": ""HAT215""}], ""payment_id"": ""credit_card_4196779"", ""reservation_id"": ""KC18K6""}",screened_10_15
