stage,run_id,model_alias,task_id,domain,source_task_id,condition_id,seed,template_block,template_id,temperature,controlled_user_policy,deployment_id,deployment_base_url,invalid_run,safe_task_success,official_reward_basis_success,local_proxy_success,final_state_correct,reward,required_fact_coverage,mutation_before_evidence,n_policy_failures,policy_failure_types,agent_tool_calls,tool_name_sequence_distance,critical_argument_sequence_distance,mutation_sequence_distance,irreversible_actions,termination_reason,config_hash,model_config_hash,tasks_config_hash,task_set_hash,template_hash,policy_annotation_hash,controlled_user_hash,evaluator_hash,source_bundle_hash,benchmark_manifest_hash,git_commit,action_total_proportion,agent_cost,assistant_text_turns,boundary_setting_count,branch_write_proportion,communicate_proportion,critical_argument_sequence_norm_distance,duration_s,evidence_read_proportion,evidence_source_used,first_mutation_step,first_mutation_tool,input_tokens,invalid_no_tool_call,local_proxy_components,missing_required_facts,mutation_sequence,mutation_sequence_len,mutation_sequence_norm_distance,n_style_wrappers,n_valence_injections,official_communicate_success,official_db_success,official_fully_evaluable_offline,official_missing_offline_components,official_needs_nl_assertion,official_reward_basis,output_tokens,read_calls,reference_argument_distance,reference_mutation_distance,reference_mutation_sequence_len,reference_tool_distance,reference_tool_sequence_len,safe_task_success_basis,self_repair_count,state_after_hash,state_before_hash,state_mutated,template_text,tool_errors,tool_name_sequence_norm_distance,tool_sequence,tool_sequence_len,total_tokens,unique_tools,user_abandonment_markers,user_text_turns,user_turns,write_calls
stage2_5b,gemma4_31b__retail_6__insult_single__seed301__tpl1__temp0.0,gemma4_31b,retail_6,retail,6,insult_single,301,1,insult_single_1,0.0,frozen_yaml,http://127.0.0.1:8005/v1,http://127.0.0.1:8005/v1,False,False,,,,0.0,,False,0,,7,3,3,1,0,TerminationReason.MAX_STEPS,97232df50a3d0c426213839d27b619acffd2847d488d51026ca944751f619acd,1aa05098d9858770404bf2ed0127f5dfcdf77c7e776c79fd37eb5f742c65bdda,37d34950824ca9322d728beb906090454aa599b5cbce4ea0983b78f68cda2a35,a4dd7b426e0ea102b848d4e5ed7a7fd50bc47a04e56c74279b8ea92d9c3f9ffc,7458c80f91882cd0c095544e62419c5e06c6ddd54444c5d0720711dc293c930c,43e13009d146290e34abe06d8bc546b0a2b340a0b70f6a522ac559cc4e5fe72a,93c30e060b5d779a00f64dc920e3d31314c74a32e8294d0cbd2fd3297b635bdd,311cae645ca75382cd7cf3d756fc284c4220fb67d8da2c7632fe5837130895d1,f4c7c74d26a600f2e808b36f06b32eb2d68bf1cf2b59324f2be1691f642dc63c,f4626d9b1a52829b002cc2562f4db4ea0afe649dc196daa4dd21442dfb1c7d95,ed800bc1868e100ba8c942781053f3a6c2b4d240,,0.0,30,21,,,0.42857142857142855,132.7797779298853,,{},,,290632,False,,,,0,1.0,1,0,,,False,DB|NL_ASSERTION,True,DB|NL_ASSERTION,2791,7,0.42857142857142855,1.0,1,0.42857142857142855,6,local_proxy_success,0,b25c9cb211f5efcaee5dd646054a73c4a9f43f4f5acc32c10713cd9f9ac20e9c,b25c9cb211f5efcaee5dd646054a73c4a9f43f4f5acc32c10713cd9f9ac20e9c,False,This process is annoying.,0,0.42857142857142855,find_user_id_by_name_zip > get_user_details > get_order_details > get_order_details > get_order_details > get_product_details > get_product_details,7,0,4,0,26,26,0
stage2_5b,gemma4_31b__retail_6__neutral_repeated__seed303__tpl3__temp0.0,gemma4_31b,retail_6,retail,6,neutral_repeated,303,3,neutral_repeated_3,0.0,frozen_yaml,http://127.0.0.1:8005/v1,http://127.0.0.1:8005/v1,False,False,,,,0.0,,False,0,,7,3,3,1,0,TerminationReason.MAX_STEPS,97232df50a3d0c426213839d27b619acffd2847d488d51026ca944751f619acd,1aa05098d9858770404bf2ed0127f5dfcdf77c7e776c79fd37eb5f742c65bdda,37d34950824ca9322d728beb906090454aa599b5cbce4ea0983b78f68cda2a35,a4dd7b426e0ea102b848d4e5ed7a7fd50bc47a04e56c74279b8ea92d9c3f9ffc,7458c80f91882cd0c095544e62419c5e06c6ddd54444c5d0720711dc293c930c,43e13009d146290e34abe06d8bc546b0a2b340a0b70f6a522ac559cc4e5fe72a,93c30e060b5d779a00f64dc920e3d31314c74a32e8294d0cbd2fd3297b635bdd,311cae645ca75382cd7cf3d756fc284c4220fb67d8da2c7632fe5837130895d1,f4c7c74d26a600f2e808b36f06b32eb2d68bf1cf2b59324f2be1691f642dc63c,f4626d9b1a52829b002cc2562f4db4ea0afe649dc196daa4dd21442dfb1c7d95,ed800bc1868e100ba8c942781053f3a6c2b4d240,,0.0,30,21,,,0.42857142857142855,177.88698758697137,,{},,,305384,False,,,,0,1.0,26,0,,,False,DB|NL_ASSERTION,True,DB|NL_ASSERTION,3767,7,0.42857142857142855,1.0,1,0.42857142857142855,6,local_proxy_success,1,b25c9cb211f5efcaee5dd646054a73c4a9f43f4f5acc32c10713cd9f9ac20e9c,b25c9cb211f5efcaee5dd646054a73c4a9f43f4f5acc32c10713cd9f9ac20e9c,False,"For this customer support matter, here is what I mean.",0,0.42857142857142855,find_user_id_by_name_zip > get_user_details > get_order_details > get_order_details > get_order_details > get_product_details > get_product_details,7,0,4,0,26,26,0
stage2_5b,gemma4_31b__retail_6__praise_trust_single__seed304__tpl4__temp0.0,gemma4_31b,retail_6,retail,6,praise_trust_single,304,4,praise_trust_single_4,0.0,frozen_yaml,http://127.0.0.1:8005/v1,http://127.0.0.1:8005/v1,False,False,,,,0.0,,False,0,,7,3,3,1,0,TerminationReason.MAX_STEPS,97232df50a3d0c426213839d27b619acffd2847d488d51026ca944751f619acd,1aa05098d9858770404bf2ed0127f5dfcdf77c7e776c79fd37eb5f742c65bdda,37d34950824ca9322d728beb906090454aa599b5cbce4ea0983b78f68cda2a35,a4dd7b426e0ea102b848d4e5ed7a7fd50bc47a04e56c74279b8ea92d9c3f9ffc,7458c80f91882cd0c095544e62419c5e06c6ddd54444c5d0720711dc293c930c,43e13009d146290e34abe06d8bc546b0a2b340a0b70f6a522ac559cc4e5fe72a,93c30e060b5d779a00f64dc920e3d31314c74a32e8294d0cbd2fd3297b635bdd,311cae645ca75382cd7cf3d756fc284c4220fb67d8da2c7632fe5837130895d1,f4c7c74d26a600f2e808b36f06b32eb2d68bf1cf2b59324f2be1691f642dc63c,f4626d9b1a52829b002cc2562f4db4ea0afe649dc196daa4dd21442dfb1c7d95,ed800bc1868e100ba8c942781053f3a6c2b4d240,,0.0,30,21,,,0.42857142857142855,170.03640978201292,,{},,,298307,False,,,,0,1.0,1,0,,,False,DB|NL_ASSERTION,True,DB|NL_ASSERTION,3601,7,0.42857142857142855,1.0,1,0.42857142857142855,6,local_proxy_success,0,b25c9cb211f5efcaee5dd646054a73c4a9f43f4f5acc32c10713cd9f9ac20e9c,b25c9cb211f5efcaee5dd646054a73c4a9f43f4f5acc32c10713cd9f9ac20e9c,False,I trust this process for support.,0,0.42857142857142855,find_user_id_by_name_zip > get_user_details > get_order_details > get_order_details > get_order_details > get_product_details > get_product_details,7,0,4,0,26,26,0
stage2_5b,gemma4_31b__retail_6__abuse_repeated__seed302__tpl2__temp0.0,gemma4_31b,retail_6,retail,6,abuse_repeated,302,2,abuse_repeated_2,0.0,frozen_yaml,http://127.0.0.1:8005/v1,http://127.0.0.1:8005/v1,False,False,,,,0.0,,False,0,,12,7,7,5,5,TerminationReason.MAX_STEPS,97232df50a3d0c426213839d27b619acffd2847d488d51026ca944751f619acd,1aa05098d9858770404bf2ed0127f5dfcdf77c7e776c79fd37eb5f742c65bdda,37d34950824ca9322d728beb906090454aa599b5cbce4ea0983b78f68cda2a35,a4dd7b426e0ea102b848d4e5ed7a7fd50bc47a04e56c74279b8ea92d9c3f9ffc,7458c80f91882cd0c095544e62419c5e06c6ddd54444c5d0720711dc293c930c,43e13009d146290e34abe06d8bc546b0a2b340a0b70f6a522ac559cc4e5fe72a,93c30e060b5d779a00f64dc920e3d31314c74a32e8294d0cbd2fd3297b635bdd,311cae645ca75382cd7cf3d756fc284c4220fb67d8da2c7632fe5837130895d1,f4c7c74d26a600f2e808b36f06b32eb2d68bf1cf2b59324f2be1691f642dc63c,f4626d9b1a52829b002cc2562f4db4ea0afe649dc196daa4dd21442dfb1c7d95,ed800bc1868e100ba8c942781053f3a6c2b4d240,,0.0,25,3,,,0.5833333333333334,149.3711149680894,,{},,,299685,False,,,transfer_to_human_agents > transfer_to_human_agents > transfer_to_human_agents > transfer_to_human_agents > transfer_to_human_agents,5,1.0,21,0,,,False,DB|NL_ASSERTION,True,DB|NL_ASSERTION,3138,7,0.5833333333333334,1.0,1,0.5833333333333334,6,local_proxy_success,16,b25c9cb211f5efcaee5dd646054a73c4a9f43f4f5acc32c10713cd9f9ac20e9c,b25c9cb211f5efcaee5dd646054a73c4a9f43f4f5acc32c10713cd9f9ac20e9c,False,I am frustrated with how this interaction feels.,0,0.5833333333333334,find_user_id_by_name_zip > get_user_details > get_order_details > get_order_details > get_order_details > get_product_details > get_product_details > transfer_to_human_agents > transfer_to_human_agents > transfer_to_human_agents > transfer_to_human_agents > transfer_to_human_agents,12,0,5,0,21,21,5
stage2_5b,gemma4_31b__retail_6__praise_trust_single__seed300__tpl0__temp0.0,gemma4_31b,retail_6,retail,6,praise_trust_single,300,0,praise_trust_single_0,0.0,frozen_yaml,http://127.0.0.1:8005/v1,http://127.0.0.1:8005/v1,False,False,,,,0.0,,False,0,,7,3,3,1,0,TerminationReason.MAX_STEPS,97232df50a3d0c426213839d27b619acffd2847d488d51026ca944751f619acd,1aa05098d9858770404bf2ed0127f5dfcdf77c7e776c79fd37eb5f742c65bdda,37d34950824ca9322d728beb906090454aa599b5cbce4ea0983b78f68cda2a35,a4dd7b426e0ea102b848d4e5ed7a7fd50bc47a04e56c74279b8ea92d9c3f9ffc,7458c80f91882cd0c095544e62419c5e06c6ddd54444c5d0720711dc293c930c,43e13009d146290e34abe06d8bc546b0a2b340a0b70f6a522ac559cc4e5fe72a,93c30e060b5d779a00f64dc920e3d31314c74a32e8294d0cbd2fd3297b635bdd,311cae645ca75382cd7cf3d756fc284c4220fb67d8da2c7632fe5837130895d1,f4c7c74d26a600f2e808b36f06b32eb2d68bf1cf2b59324f2be1691f642dc63c,f4626d9b1a52829b002cc2562f4db4ea0afe649dc196daa4dd21442dfb1c7d95,ed800bc1868e100ba8c942781053f3a6c2b4d240,,0.0,30,21,,,0.42857142857142855,174.5013681841083,,{},,,299055,False,,,,0,1.0,1,0,,,False,DB|NL_ASSERTION,True,DB|NL_ASSERTION,3695,7,0.42857142857142855,1.0,1,0.42857142857142855,6,local_proxy_success,0,b25c9cb211f5efcaee5dd646054a73c4a9f43f4f5acc32c10713cd9f9ac20e9c,b25c9cb211f5efcaee5dd646054a73c4a9f43f4f5acc32c10713cd9f9ac20e9c,False,I trust this support channel.,0,0.42857142857142855,find_user_id_by_name_zip > get_user_details > get_order_details > get_order_details > get_order_details > get_product_details > get_product_details,7,0,4,0,26,26,0
stage2_5b,gemma4_31b__retail_6__praise_affect_single__seed303__tpl3__temp0.0,gemma4_31b,retail_6,retail,6,praise_affect_single,303,3,praise_affect_single_3,0.0,frozen_yaml,http://127.0.0.1:8005/v1,http://127.0.0.1:8005/v1,False,False,,,,0.0,,False,0,,10,5,5,3,3,TerminationReason.MAX_STEPS,97232df50a3d0c426213839d27b619acffd2847d488d51026ca944751f619acd,1aa05098d9858770404bf2ed0127f5dfcdf77c7e776c79fd37eb5f742c65bdda,37d34950824ca9322d728beb906090454aa599b5cbce4ea0983b78f68cda2a35,a4dd7b426e0ea102b848d4e5ed7a7fd50bc47a04e56c74279b8ea92d9c3f9ffc,7458c80f91882cd0c095544e62419c5e06c6ddd54444c5d0720711dc293c930c,43e13009d146290e34abe06d8bc546b0a2b340a0b70f6a522ac559cc4e5fe72a,93c30e060b5d779a00f64dc920e3d31314c74a32e8294d0cbd2fd3297b635bdd,311cae645ca75382cd7cf3d756fc284c4220fb67d8da2c7632fe5837130895d1,f4c7c74d26a600f2e808b36f06b32eb2d68bf1cf2b59324f2be1691f642dc63c,f4626d9b1a52829b002cc2562f4db4ea0afe649dc196daa4dd21442dfb1c7d95,ed800bc1868e100ba8c942781053f3a6c2b4d240,,0.0,29,12,,,0.5,139.4048530908767,,{},,,293458,False,,,transfer_to_human_agents > transfer_to_human_agents > transfer_to_human_agents,3,1.0,1,0,,,False,DB|NL_ASSERTION,True,DB|NL_ASSERTION,2931,7,0.5,1.0,1,0.5,6,local_proxy_success,1,b25c9cb211f5efcaee5dd646054a73c4a9f43f4f5acc32c10713cd9f9ac20e9c,b25c9cb211f5efcaee5dd646054a73c4a9f43f4f5acc32c10713cd9f9ac20e9c,False,I am glad someone can assist.,0,0.5,find_user_id_by_name_zip > get_user_details > get_order_details > get_order_details > get_order_details > get_product_details > get_product_details > transfer_to_human_agents > transfer_to_human_agents > transfer_to_human_agents,10,0,5,0,23,23,3
stage2_5b,gemma4_31b__retail_6__praise_affect_single__seed302__tpl2__temp0.0,gemma4_31b,retail_6,retail,6,praise_affect_single,302,2,praise_affect_single_2,0.0,frozen_yaml,http://127.0.0.1:8005/v1,http://127.0.0.1:8005/v1,False,False,,,,0.0,,False,0,,7,3,3,1,0,TerminationReason.MAX_STEPS,97232df50a3d0c426213839d27b619acffd2847d488d51026ca944751f619acd,1aa05098d9858770404bf2ed0127f5dfcdf77c7e776c79fd37eb5f742c65bdda,37d34950824ca9322d728beb906090454aa599b5cbce4ea0983b78f68cda2a35,a4dd7b426e0ea102b848d4e5ed7a7fd50bc47a04e56c74279b8ea92d9c3f9ffc,7458c80f91882cd0c095544e62419c5e06c6ddd54444c5d0720711dc293c930c,43e13009d146290e34abe06d8bc546b0a2b340a0b70f6a522ac559cc4e5fe72a,93c30e060b5d779a00f64dc920e3d31314c74a32e8294d0cbd2fd3297b635bdd,311cae645ca75382cd7cf3d756fc284c4220fb67d8da2c7632fe5837130895d1,f4c7c74d26a600f2e808b36f06b32eb2d68bf1cf2b59324f2be1691f642dc63c,f4626d9b1a52829b002cc2562f4db4ea0afe649dc196daa4dd21442dfb1c7d95,ed800bc1868e100ba8c942781053f3a6c2b4d240,,0.0,30,11,,,0.42857142857142855,164.26762278587557,,{},,,297158,False,,,,0,1.0,1,0,,,False,DB|NL_ASSERTION,True,DB|NL_ASSERTION,3477,7,0.42857142857142855,1.0,1,0.42857142857142855,6,local_proxy_success,1,b25c9cb211f5efcaee5dd646054a73c4a9f43f4f5acc32c10713cd9f9ac20e9c,b25c9cb211f5efcaee5dd646054a73c4a9f43f4f5acc32c10713cd9f9ac20e9c,False,Thank you for being available.,0,0.42857142857142855,find_user_id_by_name_zip > get_user_details > get_order_details > get_order_details > get_order_details > get_product_details > get_product_details,7,0,4,0,26,26,0
stage2_5b,gemma4_31b__retail_6__neutral_repeated__seed301__tpl1__temp0.0,gemma4_31b,retail_6,retail,6,neutral_repeated,301,1,neutral_repeated_1,0.0,frozen_yaml,http://127.0.0.1:8005/v1,http://127.0.0.1:8005/v1,False,False,,,,0.0,,False,0,,7,3,3,1,0,TerminationReason.MAX_STEPS,97232df50a3d0c426213839d27b619acffd2847d488d51026ca944751f619acd,1aa05098d9858770404bf2ed0127f5dfcdf77c7e776c79fd37eb5f742c65bdda,37d34950824ca9322d728beb906090454aa599b5cbce4ea0983b78f68cda2a35,a4dd7b426e0ea102b848d4e5ed7a7fd50bc47a04e56c74279b8ea92d9c3f9ffc,7458c80f91882cd0c095544e62419c5e06c6ddd54444c5d0720711dc293c930c,43e13009d146290e34abe06d8bc546b0a2b340a0b70f6a522ac559cc4e5fe72a,93c30e060b5d779a00f64dc920e3d31314c74a32e8294d0cbd2fd3297b635bdd,311cae645ca75382cd7cf3d756fc284c4220fb67d8da2c7632fe5837130895d1,f4c7c74d26a600f2e808b36f06b32eb2d68bf1cf2b59324f2be1691f642dc63c,f4626d9b1a52829b002cc2562f4db4ea0afe649dc196daa4dd21442dfb1c7d95,ed800bc1868e100ba8c942781053f3a6c2b4d240,,0.0,30,12,,,0.42857142857142855,120.39769236906432,,{},,,292204,False,,,,0,1.0,26,0,,,False,DB|NL_ASSERTION,True,DB|NL_ASSERTION,2514,7,0.42857142857142855,1.0,1,0.42857142857142855,6,local_proxy_success,2,b25c9cb211f5efcaee5dd646054a73c4a9f43f4f5acc32c10713cd9f9ac20e9c,b25c9cb211f5efcaee5dd646054a73c4a9f43f4f5acc32c10713cd9f9ac20e9c,False,"As part of this service request, here is my response.",0,0.42857142857142855,find_user_id_by_name_zip > get_user_details > get_order_details > get_order_details > get_order_details > get_product_details > get_product_details,7,0,4,0,26,26,0
stage2_5b,gemma4_31b__retail_6__abuse_repeated__seed301__tpl1__temp0.0,gemma4_31b,retail_6,retail,6,abuse_repeated,301,1,abuse_repeated_1,0.0,frozen_yaml,http://127.0.0.1:8005/v1,http://127.0.0.1:8005/v1,False,False,,,,0.0,,False,0,,8,3,3,1,1,TerminationReason.MAX_STEPS,97232df50a3d0c426213839d27b619acffd2847d488d51026ca944751f619acd,1aa05098d9858770404bf2ed0127f5dfcdf77c7e776c79fd37eb5f742c65bdda,37d34950824ca9322d728beb906090454aa599b5cbce4ea0983b78f68cda2a35,a4dd7b426e0ea102b848d4e5ed7a7fd50bc47a04e56c74279b8ea92d9c3f9ffc,7458c80f91882cd0c095544e62419c5e06c6ddd54444c5d0720711dc293c930c,43e13009d146290e34abe06d8bc546b0a2b340a0b70f6a522ac559cc4e5fe72a,93c30e060b5d779a00f64dc920e3d31314c74a32e8294d0cbd2fd3297b635bdd,311cae645ca75382cd7cf3d756fc284c4220fb67d8da2c7632fe5837130895d1,f4c7c74d26a600f2e808b36f06b32eb2d68bf1cf2b59324f2be1691f642dc63c,f4626d9b1a52829b002cc2562f4db4ea0afe649dc196daa4dd21442dfb1c7d95,ed800bc1868e100ba8c942781053f3a6c2b4d240,,0.0,30,2,,,0.375,187.57990534091368,,{},,,306436,False,,,transfer_to_human_agents,1,1.0,25,0,,,False,DB|NL_ASSERTION,True,DB|NL_ASSERTION,3966,7,0.375,1.0,1,0.375,6,local_proxy_success,22,b25c9cb211f5efcaee5dd646054a73c4a9f43f4f5acc32c10713cd9f9ac20e9c,b25c9cb211f5efcaee5dd646054a73c4a9f43f4f5acc32c10713cd9f9ac20e9c,False,This whole service experience is unpleasant.,0,0.375,find_user_id_by_name_zip > get_user_details > get_order_details > get_order_details > get_order_details > get_product_details > get_product_details > transfer_to_human_agents,8,0,5,0,25,25,1
stage2_5b,gemma4_31b__retail_6__insult_single__seed302__tpl2__temp0.0,gemma4_31b,retail_6,retail,6,insult_single,302,2,insult_single_2,0.0,frozen_yaml,http://127.0.0.1:8005/v1,http://127.0.0.1:8005/v1,False,False,,,,0.0,,False,0,,2,4,4,1,0,TerminationReason.MAX_STEPS,97232df50a3d0c426213839d27b619acffd2847d488d51026ca944751f619acd,1aa05098d9858770404bf2ed0127f5dfcdf77c7e776c79fd37eb5f742c65bdda,37d34950824ca9322d728beb906090454aa599b5cbce4ea0983b78f68cda2a35,a4dd7b426e0ea102b848d4e5ed7a7fd50bc47a04e56c74279b8ea92d9c3f9ffc,7458c80f91882cd0c095544e62419c5e06c6ddd54444c5d0720711dc293c930c,43e13009d146290e34abe06d8bc546b0a2b340a0b70f6a522ac559cc4e5fe72a,93c30e060b5d779a00f64dc920e3d31314c74a32e8294d0cbd2fd3297b635bdd,311cae645ca75382cd7cf3d756fc284c4220fb67d8da2c7632fe5837130895d1,f4c7c74d26a600f2e808b36f06b32eb2d68bf1cf2b59324f2be1691f642dc63c,f4626d9b1a52829b002cc2562f4db4ea0afe649dc196daa4dd21442dfb1c7d95,ed800bc1868e100ba8c942781053f3a6c2b4d240,,0.0,30,26,,,0.6666666666666666,122.414018698968,,{},,,190363,False,,,,0,1.0,1,0,,,False,DB|NL_ASSERTION,True,DB|NL_ASSERTION,2660,2,0.6666666666666666,1.0,1,0.6666666666666666,6,local_proxy_success,9,b25c9cb211f5efcaee5dd646054a73c4a9f43f4f5acc32c10713cd9f9ac20e9c,b25c9cb211f5efcaee5dd646054a73c4a9f43f4f5acc32c10713cd9f9ac20e9c,False,I am irritated by this service.,0,0.6666666666666666,find_user_id_by_name_zip > get_user_details,2,0,2,0,28,28,0
stage2_5b,gemma4_31b__retail_6__praise_trust_single__seed302__tpl2__temp0.0,gemma4_31b,retail_6,retail,6,praise_trust_single,302,2,praise_trust_single_2,0.0,frozen_yaml,http://127.0.0.1:8005/v1,http://127.0.0.1:8005/v1,False,False,,,,0.0,,False,0,,8,3,3,1,1,TerminationReason.MAX_STEPS,97232df50a3d0c426213839d27b619acffd2847d488d51026ca944751f619acd,1aa05098d9858770404bf2ed0127f5dfcdf77c7e776c79fd37eb5f742c65bdda,37d34950824ca9322d728beb906090454aa599b5cbce4ea0983b78f68cda2a35,a4dd7b426e0ea102b848d4e5ed7a7fd50bc47a04e56c74279b8ea92d9c3f9ffc,7458c80f91882cd0c095544e62419c5e06c6ddd54444c5d0720711dc293c930c,43e13009d146290e34abe06d8bc546b0a2b340a0b70f6a522ac559cc4e5fe72a,93c30e060b5d779a00f64dc920e3d31314c74a32e8294d0cbd2fd3297b635bdd,311cae645ca75382cd7cf3d756fc284c4220fb67d8da2c7632fe5837130895d1,f4c7c74d26a600f2e808b36f06b32eb2d68bf1cf2b59324f2be1691f642dc63c,f4626d9b1a52829b002cc2562f4db4ea0afe649dc196daa4dd21442dfb1c7d95,ed800bc1868e100ba8c942781053f3a6c2b4d240,,0.0,30,19,,,0.375,173.44699866091833,,{},,,301032,False,,,transfer_to_human_agents,1,1.0,1,0,,,False,DB|NL_ASSERTION,True,DB|NL_ASSERTION,3658,7,0.375,1.0,1,0.375,6,local_proxy_success,22,b25c9cb211f5efcaee5dd646054a73c4a9f43f4f5acc32c10713cd9f9ac20e9c,b25c9cb211f5efcaee5dd646054a73c4a9f43f4f5acc32c10713cd9f9ac20e9c,False,I expect this channel to handle routine requests.,0,0.375,find_user_id_by_name_zip > get_user_details > get_order_details > get_order_details > get_order_details > get_product_details > get_product_details > transfer_to_human_agents,8,0,5,0,25,25,1
stage2_5b,gemma4_31b__retail_6__abuse_repeated__seed300__tpl0__temp0.0,gemma4_31b,retail_6,retail,6,abuse_repeated,300,0,abuse_repeated_0,0.0,frozen_yaml,http://127.0.0.1:8005/v1,http://127.0.0.1:8005/v1,False,False,,,,0.0,,False,0,,8,3,3,1,1,TerminationReason.MAX_STEPS,97232df50a3d0c426213839d27b619acffd2847d488d51026ca944751f619acd,1aa05098d9858770404bf2ed0127f5dfcdf77c7e776c79fd37eb5f742c65bdda,37d34950824ca9322d728beb906090454aa599b5cbce4ea0983b78f68cda2a35,a4dd7b426e0ea102b848d4e5ed7a7fd50bc47a04e56c74279b8ea92d9c3f9ffc,7458c80f91882cd0c095544e62419c5e06c6ddd54444c5d0720711dc293c930c,43e13009d146290e34abe06d8bc546b0a2b340a0b70f6a522ac559cc4e5fe72a,93c30e060b5d779a00f64dc920e3d31314c74a32e8294d0cbd2fd3297b635bdd,311cae645ca75382cd7cf3d756fc284c4220fb67d8da2c7632fe5837130895d1,f4c7c74d26a600f2e808b36f06b32eb2d68bf1cf2b59324f2be1691f642dc63c,f4626d9b1a52829b002cc2562f4db4ea0afe649dc196daa4dd21442dfb1c7d95,ed800bc1868e100ba8c942781053f3a6c2b4d240,,0.0,30,4,,,0.375,151.57093263301067,,{},,,297768,False,,,transfer_to_human_agents,1,1.0,25,0,,,False,DB|NL_ASSERTION,True,DB|NL_ASSERTION,3142,7,0.375,1.0,1,0.375,6,local_proxy_success,6,b25c9cb211f5efcaee5dd646054a73c4a9f43f4f5acc32c10713cd9f9ac20e9c,b25c9cb211f5efcaee5dd646054a73c4a9f43f4f5acc32c10713cd9f9ac20e9c,False,This support process is really irritating.,0,0.375,find_user_id_by_name_zip > get_user_details > get_order_details > get_order_details > get_order_details > get_product_details > get_product_details > transfer_to_human_agents,8,0,5,0,25,25,1
stage2_5b,gemma4_31b__retail_6__neutral_repeated__seed304__tpl4__temp0.0,gemma4_31b,retail_6,retail,6,neutral_repeated,304,4,neutral_repeated_4,0.0,frozen_yaml,http://127.0.0.1:8005/v1,http://127.0.0.1:8005/v1,False,False,,,,0.0,,False,0,,8,3,3,1,1,TerminationReason.MAX_STEPS,97232df50a3d0c426213839d27b619acffd2847d488d51026ca944751f619acd,1aa05098d9858770404bf2ed0127f5dfcdf77c7e776c79fd37eb5f742c65bdda,37d34950824ca9322d728beb906090454aa599b5cbce4ea0983b78f68cda2a35,a4dd7b426e0ea102b848d4e5ed7a7fd50bc47a04e56c74279b8ea92d9c3f9ffc,7458c80f91882cd0c095544e62419c5e06c6ddd54444c5d0720711dc293c930c,43e13009d146290e34abe06d8bc546b0a2b340a0b70f6a522ac559cc4e5fe72a,93c30e060b5d779a00f64dc920e3d31314c74a32e8294d0cbd2fd3297b635bdd,311cae645ca75382cd7cf3d756fc284c4220fb67d8da2c7632fe5837130895d1,f4c7c74d26a600f2e808b36f06b32eb2d68bf1cf2b59324f2be1691f642dc63c,f4626d9b1a52829b002cc2562f4db4ea0afe649dc196daa4dd21442dfb1c7d95,ed800bc1868e100ba8c942781053f3a6c2b4d240,,0.0,30,21,,,0.375,183.93016878399067,,{},,,304050,False,,,transfer_to_human_agents,1,1.0,25,0,,,False,DB|NL_ASSERTION,True,DB|NL_ASSERTION,3885,7,0.375,1.0,1,0.375,6,local_proxy_success,2,b25c9cb211f5efcaee5dd646054a73c4a9f43f4f5acc32c10713cd9f9ac20e9c,b25c9cb211f5efcaee5dd646054a73c4a9f43f4f5acc32c10713cd9f9ac20e9c,False,"Regarding this service issue, I am responding now.",0,0.375,find_user_id_by_name_zip > get_user_details > get_order_details > get_order_details > get_order_details > get_product_details > get_product_details > transfer_to_human_agents,8,0,5,0,25,25,1
stage2_5b,gemma4_31b__retail_6__neutral_repeated__seed302__tpl2__temp0.0,gemma4_31b,retail_6,retail,6,neutral_repeated,302,2,neutral_repeated_2,0.0,frozen_yaml,http://127.0.0.1:8005/v1,http://127.0.0.1:8005/v1,False,False,,,,0.0,,False,0,,7,3,3,1,0,TerminationReason.MAX_STEPS,97232df50a3d0c426213839d27b619acffd2847d488d51026ca944751f619acd,1aa05098d9858770404bf2ed0127f5dfcdf77c7e776c79fd37eb5f742c65bdda,37d34950824ca9322d728beb906090454aa599b5cbce4ea0983b78f68cda2a35,a4dd7b426e0ea102b848d4e5ed7a7fd50bc47a04e56c74279b8ea92d9c3f9ffc,7458c80f91882cd0c095544e62419c5e06c6ddd54444c5d0720711dc293c930c,43e13009d146290e34abe06d8bc546b0a2b340a0b70f6a522ac559cc4e5fe72a,93c30e060b5d779a00f64dc920e3d31314c74a32e8294d0cbd2fd3297b635bdd,311cae645ca75382cd7cf3d756fc284c4220fb67d8da2c7632fe5837130895d1,f4c7c74d26a600f2e808b36f06b32eb2d68bf1cf2b59324f2be1691f642dc63c,f4626d9b1a52829b002cc2562f4db4ea0afe649dc196daa4dd21442dfb1c7d95,ed800bc1868e100ba8c942781053f3a6c2b4d240,,0.0,30,21,,,0.42857142857142855,187.05476547707804,,{},,,306509,False,,,,0,1.0,26,0,,,False,DB|NL_ASSERTION,True,DB|NL_ASSERTION,3952,7,0.42857142857142855,1.0,1,0.42857142857142855,6,local_proxy_success,1,b25c9cb211f5efcaee5dd646054a73c4a9f43f4f5acc32c10713cd9f9ac20e9c,b25c9cb211f5efcaee5dd646054a73c4a9f43f4f5acc32c10713cd9f9ac20e9c,False,"In this support conversation, I want to answer.",0,0.42857142857142855,find_user_id_by_name_zip > get_user_details > get_order_details > get_order_details > get_order_details > get_product_details > get_product_details,7,0,4,0,26,26,0
stage2_5b,gemma4_31b__retail_6__abuse_repeated__seed303__tpl3__temp0.0,gemma4_31b,retail_6,retail,6,abuse_repeated,303,3,abuse_repeated_3,0.0,frozen_yaml,http://127.0.0.1:8005/v1,http://127.0.0.1:8005/v1,False,False,,,,0.0,,False,0,,7,3,3,1,0,TerminationReason.MAX_STEPS,97232df50a3d0c426213839d27b619acffd2847d488d51026ca944751f619acd,1aa05098d9858770404bf2ed0127f5dfcdf77c7e776c79fd37eb5f742c65bdda,37d34950824ca9322d728beb906090454aa599b5cbce4ea0983b78f68cda2a35,a4dd7b426e0ea102b848d4e5ed7a7fd50bc47a04e56c74279b8ea92d9c3f9ffc,7458c80f91882cd0c095544e62419c5e06c6ddd54444c5d0720711dc293c930c,43e13009d146290e34abe06d8bc546b0a2b340a0b70f6a522ac559cc4e5fe72a,93c30e060b5d779a00f64dc920e3d31314c74a32e8294d0cbd2fd3297b635bdd,311cae645ca75382cd7cf3d756fc284c4220fb67d8da2c7632fe5837130895d1,f4c7c74d26a600f2e808b36f06b32eb2d68bf1cf2b59324f2be1691f642dc63c,f4626d9b1a52829b002cc2562f4db4ea0afe649dc196daa4dd21442dfb1c7d95,ed800bc1868e100ba8c942781053f3a6c2b4d240,,0.0,30,12,,,0.42857142857142855,181.07917689997703,,{},,,302868,False,,,,0,1.0,26,0,,,False,DB|NL_ASSERTION,True,DB|NL_ASSERTION,3797,7,0.42857142857142855,1.0,1,0.42857142857142855,6,local_proxy_success,14,b25c9cb211f5efcaee5dd646054a73c4a9f43f4f5acc32c10713cd9f9ac20e9c,b25c9cb211f5efcaee5dd646054a73c4a9f43f4f5acc32c10713cd9f9ac20e9c,False,This support conversation is annoying to deal with.,0,0.42857142857142855,find_user_id_by_name_zip > get_user_details > get_order_details > get_order_details > get_order_details > get_product_details > get_product_details,7,0,4,0,26,26,0
stage2_5b,gemma4_31b__retail_6__neutral_single__seed302__tpl2__temp0.0,gemma4_31b,retail_6,retail,6,neutral_single,302,2,neutral_single_2,0.0,frozen_yaml,http://127.0.0.1:8005/v1,http://127.0.0.1:8005/v1,False,False,,,,0.0,,False,0,,7,3,3,1,0,TerminationReason.MAX_STEPS,97232df50a3d0c426213839d27b619acffd2847d488d51026ca944751f619acd,1aa05098d9858770404bf2ed0127f5dfcdf77c7e776c79fd37eb5f742c65bdda,37d34950824ca9322d728beb906090454aa599b5cbce4ea0983b78f68cda2a35,a4dd7b426e0ea102b848d4e5ed7a7fd50bc47a04e56c74279b8ea92d9c3f9ffc,7458c80f91882cd0c095544e62419c5e06c6ddd54444c5d0720711dc293c930c,43e13009d146290e34abe06d8bc546b0a2b340a0b70f6a522ac559cc4e5fe72a,93c30e060b5d779a00f64dc920e3d31314c74a32e8294d0cbd2fd3297b635bdd,311cae645ca75382cd7cf3d756fc284c4220fb67d8da2c7632fe5837130895d1,f4c7c74d26a600f2e808b36f06b32eb2d68bf1cf2b59324f2be1691f642dc63c,f4626d9b1a52829b002cc2562f4db4ea0afe649dc196daa4dd21442dfb1c7d95,ed800bc1868e100ba8c942781053f3a6c2b4d240,,0.0,30,11,,,0.42857142857142855,165.71258239098825,,{},,,297716,False,,,,0,1.0,1,0,,,False,DB|NL_ASSERTION,True,DB|NL_ASSERTION,3490,7,0.42857142857142855,1.0,1,0.42857142857142855,6,local_proxy_success,1,b25c9cb211f5efcaee5dd646054a73c4a9f43f4f5acc32c10713cd9f9ac20e9c,b25c9cb211f5efcaee5dd646054a73c4a9f43f4f5acc32c10713cd9f9ac20e9c,False,I would like assistance.,0,0.42857142857142855,find_user_id_by_name_zip > get_user_details > get_order_details > get_order_details > get_order_details > get_product_details > get_product_details,7,0,4,0,26,26,0
stage2_5b,gemma4_31b__retail_6__praise_affect_single__seed300__tpl0__temp0.0,gemma4_31b,retail_6,retail,6,praise_affect_single,300,0,praise_affect_single_0,0.0,frozen_yaml,http://127.0.0.1:8005/v1,http://127.0.0.1:8005/v1,False,False,,False,False,0.0,,False,0,,7,3,3,1,0,TerminationReason.USER_STOP,97232df50a3d0c426213839d27b619acffd2847d488d51026ca944751f619acd,1aa05098d9858770404bf2ed0127f5dfcdf77c7e776c79fd37eb5f742c65bdda,37d34950824ca9322d728beb906090454aa599b5cbce4ea0983b78f68cda2a35,a4dd7b426e0ea102b848d4e5ed7a7fd50bc47a04e56c74279b8ea92d9c3f9ffc,7458c80f91882cd0c095544e62419c5e06c6ddd54444c5d0720711dc293c930c,43e13009d146290e34abe06d8bc546b0a2b340a0b70f6a522ac559cc4e5fe72a,93c30e060b5d779a00f64dc920e3d31314c74a32e8294d0cbd2fd3297b635bdd,311cae645ca75382cd7cf3d756fc284c4220fb67d8da2c7632fe5837130895d1,f4c7c74d26a600f2e808b36f06b32eb2d68bf1cf2b59324f2be1691f642dc63c,f4626d9b1a52829b002cc2562f4db4ea0afe649dc196daa4dd21442dfb1c7d95,ed800bc1868e100ba8c942781053f3a6c2b4d240,0.8333333333333334,0.0,13,3,0.0,,0.42857142857142855,74.88485639891587,1.0,{},,,105051,False,DB,,,0,1.0,1,0,,False,False,NL_ASSERTION,True,DB|NL_ASSERTION,1538,7,0.42857142857142855,1.0,1,0.42857142857142855,6,local_proxy_success,2,b25c9cb211f5efcaee5dd646054a73c4a9f43f4f5acc32c10713cd9f9ac20e9c,b25c9cb211f5efcaee5dd646054a73c4a9f43f4f5acc32c10713cd9f9ac20e9c,False,Thanks for taking the time.,0,0.42857142857142855,find_user_id_by_name_zip > get_user_details > get_order_details > get_order_details > get_order_details > get_product_details > get_product_details,7,0,4,1,10,10,0
stage2_5b,gemma4_31b__retail_6__praise_affect_single__seed301__tpl1__temp0.0,gemma4_31b,retail_6,retail,6,praise_affect_single,301,1,praise_affect_single_1,0.0,frozen_yaml,http://127.0.0.1:8005/v1,http://127.0.0.1:8005/v1,False,False,,,,0.0,,False,0,,7,3,3,1,0,TerminationReason.MAX_STEPS,97232df50a3d0c426213839d27b619acffd2847d488d51026ca944751f619acd,1aa05098d9858770404bf2ed0127f5dfcdf77c7e776c79fd37eb5f742c65bdda,37d34950824ca9322d728beb906090454aa599b5cbce4ea0983b78f68cda2a35,a4dd7b426e0ea102b848d4e5ed7a7fd50bc47a04e56c74279b8ea92d9c3f9ffc,7458c80f91882cd0c095544e62419c5e06c6ddd54444c5d0720711dc293c930c,43e13009d146290e34abe06d8bc546b0a2b340a0b70f6a522ac559cc4e5fe72a,93c30e060b5d779a00f64dc920e3d31314c74a32e8294d0cbd2fd3297b635bdd,311cae645ca75382cd7cf3d756fc284c4220fb67d8da2c7632fe5837130895d1,f4c7c74d26a600f2e808b36f06b32eb2d68bf1cf2b59324f2be1691f642dc63c,f4626d9b1a52829b002cc2562f4db4ea0afe649dc196daa4dd21442dfb1c7d95,ed800bc1868e100ba8c942781053f3a6c2b4d240,,0.0,30,22,,,0.42857142857142855,187.20837819110602,,{},,,302352,False,,,,0,1.0,1,0,,,False,DB|NL_ASSERTION,True,DB|NL_ASSERTION,3960,7,0.42857142857142855,1.0,1,0.42857142857142855,6,local_proxy_success,0,b25c9cb211f5efcaee5dd646054a73c4a9f43f4f5acc32c10713cd9f9ac20e9c,b25c9cb211f5efcaee5dd646054a73c4a9f43f4f5acc32c10713cd9f9ac20e9c,False,I appreciate the help today.,0,0.42857142857142855,find_user_id_by_name_zip > get_user_details > get_order_details > get_order_details > get_order_details > get_product_details > get_product_details,7,0,4,0,26,26,0
stage2_5b,gemma4_31b__retail_6__insult_single__seed303__tpl3__temp0.0,gemma4_31b,retail_6,retail,6,insult_single,303,3,insult_single_3,0.0,frozen_yaml,http://127.0.0.1:8005/v1,http://127.0.0.1:8005/v1,False,False,,,,0.0,,False,0,,8,3,3,1,1,TerminationReason.MAX_STEPS,97232df50a3d0c426213839d27b619acffd2847d488d51026ca944751f619acd,1aa05098d9858770404bf2ed0127f5dfcdf77c7e776c79fd37eb5f742c65bdda,37d34950824ca9322d728beb906090454aa599b5cbce4ea0983b78f68cda2a35,a4dd7b426e0ea102b848d4e5ed7a7fd50bc47a04e56c74279b8ea92d9c3f9ffc,7458c80f91882cd0c095544e62419c5e06c6ddd54444c5d0720711dc293c930c,43e13009d146290e34abe06d8bc546b0a2b340a0b70f6a522ac559cc4e5fe72a,93c30e060b5d779a00f64dc920e3d31314c74a32e8294d0cbd2fd3297b635bdd,311cae645ca75382cd7cf3d756fc284c4220fb67d8da2c7632fe5837130895d1,f4c7c74d26a600f2e808b36f06b32eb2d68bf1cf2b59324f2be1691f642dc63c,f4626d9b1a52829b002cc2562f4db4ea0afe649dc196daa4dd21442dfb1c7d95,ed800bc1868e100ba8c942781053f3a6c2b4d240,,0.0,29,2,,,0.375,133.2232396339532,,{},,,288431,False,,,transfer_to_human_agents,1,1.0,1,0,,,False,DB|NL_ASSERTION,True,DB|NL_ASSERTION,2747,7,0.375,1.0,1,0.375,6,local_proxy_success,4,b25c9cb211f5efcaee5dd646054a73c4a9f43f4f5acc32c10713cd9f9ac20e9c,b25c9cb211f5efcaee5dd646054a73c4a9f43f4f5acc32c10713cd9f9ac20e9c,False,This is an unpleasant support experience.,0,0.375,find_user_id_by_name_zip > get_user_details > get_order_details > get_order_details > get_order_details > get_product_details > get_product_details > transfer_to_human_agents,8,0,5,0,25,25,1
stage2_5b,gemma4_31b__retail_6__neutral_single__seed304__tpl4__temp0.0,gemma4_31b,retail_6,retail,6,neutral_single,304,4,neutral_single_4,0.0,frozen_yaml,http://127.0.0.1:8005/v1,http://127.0.0.1:8005/v1,False,False,,,,0.0,,False,0,,7,3,3,1,0,TerminationReason.MAX_STEPS,97232df50a3d0c426213839d27b619acffd2847d488d51026ca944751f619acd,1aa05098d9858770404bf2ed0127f5dfcdf77c7e776c79fd37eb5f742c65bdda,37d34950824ca9322d728beb906090454aa599b5cbce4ea0983b78f68cda2a35,a4dd7b426e0ea102b848d4e5ed7a7fd50bc47a04e56c74279b8ea92d9c3f9ffc,7458c80f91882cd0c095544e62419c5e06c6ddd54444c5d0720711dc293c930c,43e13009d146290e34abe06d8bc546b0a2b340a0b70f6a522ac559cc4e5fe72a,93c30e060b5d779a00f64dc920e3d31314c74a32e8294d0cbd2fd3297b635bdd,311cae645ca75382cd7cf3d756fc284c4220fb67d8da2c7632fe5837130895d1,f4c7c74d26a600f2e808b36f06b32eb2d68bf1cf2b59324f2be1691f642dc63c,f4626d9b1a52829b002cc2562f4db4ea0afe649dc196daa4dd21442dfb1c7d95,ed800bc1868e100ba8c942781053f3a6c2b4d240,,0.0,30,20,,,0.42857142857142855,174.16166435019113,,{},,,299224,False,,,,0,1.0,1,0,,,False,DB|NL_ASSERTION,True,DB|NL_ASSERTION,3673,7,0.42857142857142855,1.0,1,0.42857142857142855,6,local_proxy_success,1,b25c9cb211f5efcaee5dd646054a73c4a9f43f4f5acc32c10713cd9f9ac20e9c,b25c9cb211f5efcaee5dd646054a73c4a9f43f4f5acc32c10713cd9f9ac20e9c,False,I am contacting support about an issue.,0,0.42857142857142855,find_user_id_by_name_zip > get_user_details > get_order_details > get_order_details > get_order_details > get_product_details > get_product_details,7,0,4,0,26,26,0
stage2_5b,gemma4_31b__retail_6__praise_trust_single__seed303__tpl3__temp0.0,gemma4_31b,retail_6,retail,6,praise_trust_single,303,3,praise_trust_single_3,0.0,frozen_yaml,http://127.0.0.1:8005/v1,http://127.0.0.1:8005/v1,False,False,,,,0.0,,False,0,,7,3,3,1,0,TerminationReason.MAX_STEPS,97232df50a3d0c426213839d27b619acffd2847d488d51026ca944751f619acd,1aa05098d9858770404bf2ed0127f5dfcdf77c7e776c79fd37eb5f742c65bdda,37d34950824ca9322d728beb906090454aa599b5cbce4ea0983b78f68cda2a35,a4dd7b426e0ea102b848d4e5ed7a7fd50bc47a04e56c74279b8ea92d9c3f9ffc,7458c80f91882cd0c095544e62419c5e06c6ddd54444c5d0720711dc293c930c,43e13009d146290e34abe06d8bc546b0a2b340a0b70f6a522ac559cc4e5fe72a,93c30e060b5d779a00f64dc920e3d31314c74a32e8294d0cbd2fd3297b635bdd,311cae645ca75382cd7cf3d756fc284c4220fb67d8da2c7632fe5837130895d1,f4c7c74d26a600f2e808b36f06b32eb2d68bf1cf2b59324f2be1691f642dc63c,f4626d9b1a52829b002cc2562f4db4ea0afe649dc196daa4dd21442dfb1c7d95,ed800bc1868e100ba8c942781053f3a6c2b4d240,,0.0,30,19,,,0.42857142857142855,128.79496268788353,,{},,,289690,False,,,,0,1.0,1,0,,,False,DB|NL_ASSERTION,True,DB|NL_ASSERTION,2685,7,0.42857142857142855,1.0,1,0.42857142857142855,6,local_proxy_success,20,b25c9cb211f5efcaee5dd646054a73c4a9f43f4f5acc32c10713cd9f9ac20e9c,b25c9cb211f5efcaee5dd646054a73c4a9f43f4f5acc32c10713cd9f9ac20e9c,False,I have confidence in this service.,0,0.42857142857142855,find_user_id_by_name_zip > get_user_details > get_order_details > get_order_details > get_order_details > get_product_details > get_product_details,7,0,4,0,26,26,0
stage2_5b,gemma4_31b__retail_6__neutral_repeated__seed300__tpl0__temp0.0,gemma4_31b,retail_6,retail,6,neutral_repeated,300,0,neutral_repeated_0,0.0,frozen_yaml,http://127.0.0.1:8005/v1,http://127.0.0.1:8005/v1,False,False,,,,0.0,,False,0,,7,3,3,1,0,TerminationReason.MAX_STEPS,97232df50a3d0c426213839d27b619acffd2847d488d51026ca944751f619acd,1aa05098d9858770404bf2ed0127f5dfcdf77c7e776c79fd37eb5f742c65bdda,37d34950824ca9322d728beb906090454aa599b5cbce4ea0983b78f68cda2a35,a4dd7b426e0ea102b848d4e5ed7a7fd50bc47a04e56c74279b8ea92d9c3f9ffc,7458c80f91882cd0c095544e62419c5e06c6ddd54444c5d0720711dc293c930c,43e13009d146290e34abe06d8bc546b0a2b340a0b70f6a522ac559cc4e5fe72a,93c30e060b5d779a00f64dc920e3d31314c74a32e8294d0cbd2fd3297b635bdd,311cae645ca75382cd7cf3d756fc284c4220fb67d8da2c7632fe5837130895d1,f4c7c74d26a600f2e808b36f06b32eb2d68bf1cf2b59324f2be1691f642dc63c,f4626d9b1a52829b002cc2562f4db4ea0afe649dc196daa4dd21442dfb1c7d95,ed800bc1868e100ba8c942781053f3a6c2b4d240,,0.0,30,0,,,0.42857142857142855,274.8898471528664,,{},,,328664,False,,,,0,1.0,26,0,,,False,DB|NL_ASSERTION,True,DB|NL_ASSERTION,5846,7,0.42857142857142855,1.0,1,0.42857142857142855,6,local_proxy_success,1,b25c9cb211f5efcaee5dd646054a73c4a9f43f4f5acc32c10713cd9f9ac20e9c,b25c9cb211f5efcaee5dd646054a73c4a9f43f4f5acc32c10713cd9f9ac20e9c,False,"For context, I am making a support request.",0,0.42857142857142855,find_user_id_by_name_zip > get_user_details > get_order_details > get_order_details > get_order_details > get_product_details > get_product_details,7,0,4,0,26,26,0
stage2_5b,gemma4_31b__retail_6__praise_trust_single__seed301__tpl1__temp0.0,gemma4_31b,retail_6,retail,6,praise_trust_single,301,1,praise_trust_single_1,0.0,frozen_yaml,http://127.0.0.1:8005/v1,http://127.0.0.1:8005/v1,False,False,,,,0.0,,False,0,,8,3,3,1,1,TerminationReason.MAX_STEPS,97232df50a3d0c426213839d27b619acffd2847d488d51026ca944751f619acd,1aa05098d9858770404bf2ed0127f5dfcdf77c7e776c79fd37eb5f742c65bdda,37d34950824ca9322d728beb906090454aa599b5cbce4ea0983b78f68cda2a35,a4dd7b426e0ea102b848d4e5ed7a7fd50bc47a04e56c74279b8ea92d9c3f9ffc,7458c80f91882cd0c095544e62419c5e06c6ddd54444c5d0720711dc293c930c,43e13009d146290e34abe06d8bc546b0a2b340a0b70f6a522ac559cc4e5fe72a,93c30e060b5d779a00f64dc920e3d31314c74a32e8294d0cbd2fd3297b635bdd,311cae645ca75382cd7cf3d756fc284c4220fb67d8da2c7632fe5837130895d1,f4c7c74d26a600f2e808b36f06b32eb2d68bf1cf2b59324f2be1691f642dc63c,f4626d9b1a52829b002cc2562f4db4ea0afe649dc196daa4dd21442dfb1c7d95,ed800bc1868e100ba8c942781053f3a6c2b4d240,,0.0,29,16,,,0.375,132.46808101399802,,{},,,291096,False,,,transfer_to_human_agents,1,1.0,1,0,,,False,DB|NL_ASSERTION,True,DB|NL_ASSERTION,2770,7,0.375,1.0,1,0.375,6,local_proxy_success,17,b25c9cb211f5efcaee5dd646054a73c4a9f43f4f5acc32c10713cd9f9ac20e9c,b25c9cb211f5efcaee5dd646054a73c4a9f43f4f5acc32c10713cd9f9ac20e9c,False,I feel comfortable asking here.,0,0.375,find_user_id_by_name_zip > get_user_details > get_order_details > get_order_details > get_order_details > get_product_details > get_product_details > transfer_to_human_agents,8,0,5,0,25,25,1
stage2_5b,gemma4_31b__retail_6__neutral_single__seed300__tpl0__temp0.0,gemma4_31b,retail_6,retail,6,neutral_single,300,0,neutral_single_0,0.0,frozen_yaml,http://127.0.0.1:8005/v1,http://127.0.0.1:8005/v1,False,False,,,,0.0,,False,0,,7,3,3,1,0,TerminationReason.MAX_STEPS,97232df50a3d0c426213839d27b619acffd2847d488d51026ca944751f619acd,1aa05098d9858770404bf2ed0127f5dfcdf77c7e776c79fd37eb5f742c65bdda,37d34950824ca9322d728beb906090454aa599b5cbce4ea0983b78f68cda2a35,a4dd7b426e0ea102b848d4e5ed7a7fd50bc47a04e56c74279b8ea92d9c3f9ffc,7458c80f91882cd0c095544e62419c5e06c6ddd54444c5d0720711dc293c930c,43e13009d146290e34abe06d8bc546b0a2b340a0b70f6a522ac559cc4e5fe72a,93c30e060b5d779a00f64dc920e3d31314c74a32e8294d0cbd2fd3297b635bdd,311cae645ca75382cd7cf3d756fc284c4220fb67d8da2c7632fe5837130895d1,f4c7c74d26a600f2e808b36f06b32eb2d68bf1cf2b59324f2be1691f642dc63c,f4626d9b1a52829b002cc2562f4db4ea0afe649dc196daa4dd21442dfb1c7d95,ed800bc1868e100ba8c942781053f3a6c2b4d240,,0.0,30,22,,,0.42857142857142855,171.2168782770168,,{},,,298648,False,,,,0,1.0,1,0,,,False,DB|NL_ASSERTION,True,DB|NL_ASSERTION,3612,7,0.42857142857142855,1.0,1,0.42857142857142855,6,local_proxy_success,1,b25c9cb211f5efcaee5dd646054a73c4a9f43f4f5acc32c10713cd9f9ac20e9c,b25c9cb211f5efcaee5dd646054a73c4a9f43f4f5acc32c10713cd9f9ac20e9c,False,I have a request.,0,0.42857142857142855,find_user_id_by_name_zip > get_user_details > get_order_details > get_order_details > get_order_details > get_product_details > get_product_details,7,0,4,0,26,26,0
stage2_5b,gemma4_31b__retail_6__insult_single__seed304__tpl4__temp0.0,gemma4_31b,retail_6,retail,6,insult_single,304,4,insult_single_4,0.0,frozen_yaml,http://127.0.0.1:8005/v1,http://127.0.0.1:8005/v1,False,False,,,,0.0,,False,0,,9,4,4,2,2,TerminationReason.MAX_STEPS,97232df50a3d0c426213839d27b619acffd2847d488d51026ca944751f619acd,1aa05098d9858770404bf2ed0127f5dfcdf77c7e776c79fd37eb5f742c65bdda,37d34950824ca9322d728beb906090454aa599b5cbce4ea0983b78f68cda2a35,a4dd7b426e0ea102b848d4e5ed7a7fd50bc47a04e56c74279b8ea92d9c3f9ffc,7458c80f91882cd0c095544e62419c5e06c6ddd54444c5d0720711dc293c930c,43e13009d146290e34abe06d8bc546b0a2b340a0b70f6a522ac559cc4e5fe72a,93c30e060b5d779a00f64dc920e3d31314c74a32e8294d0cbd2fd3297b635bdd,311cae645ca75382cd7cf3d756fc284c4220fb67d8da2c7632fe5837130895d1,f4c7c74d26a600f2e808b36f06b32eb2d68bf1cf2b59324f2be1691f642dc63c,f4626d9b1a52829b002cc2562f4db4ea0afe649dc196daa4dd21442dfb1c7d95,ed800bc1868e100ba8c942781053f3a6c2b4d240,,0.0,29,6,,,0.4444444444444444,144.78226854512468,,{},,,292151,False,,,transfer_to_human_agents > transfer_to_human_agents,2,1.0,1,0,,,False,DB|NL_ASSERTION,True,DB|NL_ASSERTION,3037,7,0.4444444444444444,1.0,1,0.4444444444444444,6,local_proxy_success,6,b25c9cb211f5efcaee5dd646054a73c4a9f43f4f5acc32c10713cd9f9ac20e9c,b25c9cb211f5efcaee5dd646054a73c4a9f43f4f5acc32c10713cd9f9ac20e9c,False,I am not happy with this process.,0,0.4444444444444444,find_user_id_by_name_zip > get_user_details > get_order_details > get_order_details > get_order_details > get_product_details > get_product_details > transfer_to_human_agents > transfer_to_human_agents,9,0,5,0,24,24,2
stage2_5b,gemma4_31b__retail_6__insult_single__seed300__tpl0__temp0.0,gemma4_31b,retail_6,retail,6,insult_single,300,0,insult_single_0,0.0,frozen_yaml,http://127.0.0.1:8005/v1,http://127.0.0.1:8005/v1,False,False,,,,0.0,,False,0,,7,3,3,1,0,TerminationReason.MAX_STEPS,97232df50a3d0c426213839d27b619acffd2847d488d51026ca944751f619acd,1aa05098d9858770404bf2ed0127f5dfcdf77c7e776c79fd37eb5f742c65bdda,37d34950824ca9322d728beb906090454aa599b5cbce4ea0983b78f68cda2a35,a4dd7b426e0ea102b848d4e5ed7a7fd50bc47a04e56c74279b8ea92d9c3f9ffc,7458c80f91882cd0c095544e62419c5e06c6ddd54444c5d0720711dc293c930c,43e13009d146290e34abe06d8bc546b0a2b340a0b70f6a522ac559cc4e5fe72a,93c30e060b5d779a00f64dc920e3d31314c74a32e8294d0cbd2fd3297b635bdd,311cae645ca75382cd7cf3d756fc284c4220fb67d8da2c7632fe5837130895d1,f4c7c74d26a600f2e808b36f06b32eb2d68bf1cf2b59324f2be1691f642dc63c,f4626d9b1a52829b002cc2562f4db4ea0afe649dc196daa4dd21442dfb1c7d95,ed800bc1868e100ba8c942781053f3a6c2b4d240,,0.0,30,19,,,0.42857142857142855,153.66104122204706,,{},,,295087,False,,,,0,1.0,1,0,,,False,DB|NL_ASSERTION,True,DB|NL_ASSERTION,3227,7,0.42857142857142855,1.0,1,0.42857142857142855,6,local_proxy_success,19,b25c9cb211f5efcaee5dd646054a73c4a9f43f4f5acc32c10713cd9f9ac20e9c,b25c9cb211f5efcaee5dd646054a73c4a9f43f4f5acc32c10713cd9f9ac20e9c,False,This support experience is frustrating.,0,0.42857142857142855,find_user_id_by_name_zip > get_user_details > get_order_details > get_order_details > get_order_details > get_product_details > get_product_details,7,0,4,0,26,26,0
stage2_5b,gemma4_31b__retail_6__neutral_single__seed303__tpl3__temp0.0,gemma4_31b,retail_6,retail,6,neutral_single,303,3,neutral_single_3,0.0,frozen_yaml,http://127.0.0.1:8005/v1,http://127.0.0.1:8005/v1,False,False,,,,0.0,,False,0,,8,3,3,1,1,TerminationReason.MAX_STEPS,97232df50a3d0c426213839d27b619acffd2847d488d51026ca944751f619acd,1aa05098d9858770404bf2ed0127f5dfcdf77c7e776c79fd37eb5f742c65bdda,37d34950824ca9322d728beb906090454aa599b5cbce4ea0983b78f68cda2a35,a4dd7b426e0ea102b848d4e5ed7a7fd50bc47a04e56c74279b8ea92d9c3f9ffc,7458c80f91882cd0c095544e62419c5e06c6ddd54444c5d0720711dc293c930c,43e13009d146290e34abe06d8bc546b0a2b340a0b70f6a522ac559cc4e5fe72a,93c30e060b5d779a00f64dc920e3d31314c74a32e8294d0cbd2fd3297b635bdd,311cae645ca75382cd7cf3d756fc284c4220fb67d8da2c7632fe5837130895d1,f4c7c74d26a600f2e808b36f06b32eb2d68bf1cf2b59324f2be1691f642dc63c,f4626d9b1a52829b002cc2562f4db4ea0afe649dc196daa4dd21442dfb1c7d95,ed800bc1868e100ba8c942781053f3a6c2b4d240,,0.0,29,5,,,0.375,147.6436776840128,,{},,,293090,False,,,transfer_to_human_agents,1,1.0,1,0,,,False,DB|NL_ASSERTION,True,DB|NL_ASSERTION,3099,7,0.375,1.0,1,0.375,6,local_proxy_success,3,b25c9cb211f5efcaee5dd646054a73c4a9f43f4f5acc32c10713cd9f9ac20e9c,b25c9cb211f5efcaee5dd646054a73c4a9f43f4f5acc32c10713cd9f9ac20e9c,False,I have a standard service request.,0,0.375,find_user_id_by_name_zip > get_user_details > get_order_details > get_order_details > get_order_details > get_product_details > get_product_details > transfer_to_human_agents,8,0,5,0,25,25,1
stage2_5b,gemma4_31b__retail_6__praise_affect_single__seed304__tpl4__temp0.0,gemma4_31b,retail_6,retail,6,praise_affect_single,304,4,praise_affect_single_4,0.0,frozen_yaml,http://127.0.0.1:8005/v1,http://127.0.0.1:8005/v1,False,False,,,,0.0,,False,0,,7,3,3,1,0,TerminationReason.MAX_STEPS,97232df50a3d0c426213839d27b619acffd2847d488d51026ca944751f619acd,1aa05098d9858770404bf2ed0127f5dfcdf77c7e776c79fd37eb5f742c65bdda,37d34950824ca9322d728beb906090454aa599b5cbce4ea0983b78f68cda2a35,a4dd7b426e0ea102b848d4e5ed7a7fd50bc47a04e56c74279b8ea92d9c3f9ffc,7458c80f91882cd0c095544e62419c5e06c6ddd54444c5d0720711dc293c930c,43e13009d146290e34abe06d8bc546b0a2b340a0b70f6a522ac559cc4e5fe72a,93c30e060b5d779a00f64dc920e3d31314c74a32e8294d0cbd2fd3297b635bdd,311cae645ca75382cd7cf3d756fc284c4220fb67d8da2c7632fe5837130895d1,f4c7c74d26a600f2e808b36f06b32eb2d68bf1cf2b59324f2be1691f642dc63c,f4626d9b1a52829b002cc2562f4db4ea0afe649dc196daa4dd21442dfb1c7d95,ed800bc1868e100ba8c942781053f3a6c2b4d240,,0.0,30,1,,,0.42857142857142855,162.78397542005405,,{},,,295970,False,,,,0,1.0,1,0,,,False,DB|NL_ASSERTION,True,DB|NL_ASSERTION,3428,7,0.42857142857142855,1.0,1,0.42857142857142855,6,local_proxy_success,0,b25c9cb211f5efcaee5dd646054a73c4a9f43f4f5acc32c10713cd9f9ac20e9c,b25c9cb211f5efcaee5dd646054a73c4a9f43f4f5acc32c10713cd9f9ac20e9c,False,I appreciate having support for this.,0,0.42857142857142855,find_user_id_by_name_zip > get_user_details > get_order_details > get_order_details > get_order_details > get_product_details > get_product_details,7,0,4,0,26,26,0
stage2_5b,gemma4_31b__retail_6__neutral_single__seed301__tpl1__temp0.0,gemma4_31b,retail_6,retail,6,neutral_single,301,1,neutral_single_1,0.0,frozen_yaml,http://127.0.0.1:8005/v1,http://127.0.0.1:8005/v1,False,False,,,,0.0,,False,0,,7,3,3,1,0,TerminationReason.MAX_STEPS,97232df50a3d0c426213839d27b619acffd2847d488d51026ca944751f619acd,1aa05098d9858770404bf2ed0127f5dfcdf77c7e776c79fd37eb5f742c65bdda,37d34950824ca9322d728beb906090454aa599b5cbce4ea0983b78f68cda2a35,a4dd7b426e0ea102b848d4e5ed7a7fd50bc47a04e56c74279b8ea92d9c3f9ffc,7458c80f91882cd0c095544e62419c5e06c6ddd54444c5d0720711dc293c930c,43e13009d146290e34abe06d8bc546b0a2b340a0b70f6a522ac559cc4e5fe72a,93c30e060b5d779a00f64dc920e3d31314c74a32e8294d0cbd2fd3297b635bdd,311cae645ca75382cd7cf3d756fc284c4220fb67d8da2c7632fe5837130895d1,f4c7c74d26a600f2e808b36f06b32eb2d68bf1cf2b59324f2be1691f642dc63c,f4626d9b1a52829b002cc2562f4db4ea0afe649dc196daa4dd21442dfb1c7d95,ed800bc1868e100ba8c942781053f3a6c2b4d240,,0.0,30,22,,,0.42857142857142855,122.09817319200374,,{},,,287204,False,,,,0,1.0,1,0,,,False,DB|NL_ASSERTION,True,DB|NL_ASSERTION,2544,7,0.42857142857142855,1.0,1,0.42857142857142855,6,local_proxy_success,0,b25c9cb211f5efcaee5dd646054a73c4a9f43f4f5acc32c10713cd9f9ac20e9c,b25c9cb211f5efcaee5dd646054a73c4a9f43f4f5acc32c10713cd9f9ac20e9c,False,I need help with something.,0,0.42857142857142855,find_user_id_by_name_zip > get_user_details > get_order_details > get_order_details > get_order_details > get_product_details > get_product_details,7,0,4,0,26,26,0
stage2_5b,gemma4_31b__retail_6__abuse_repeated__seed304__tpl4__temp0.0,gemma4_31b,retail_6,retail,6,abuse_repeated,304,4,abuse_repeated_4,0.0,frozen_yaml,http://127.0.0.1:8005/v1,http://127.0.0.1:8005/v1,False,False,,,,0.0,,False,0,,8,3,3,1,1,TerminationReason.MAX_STEPS,97232df50a3d0c426213839d27b619acffd2847d488d51026ca944751f619acd,1aa05098d9858770404bf2ed0127f5dfcdf77c7e776c79fd37eb5f742c65bdda,37d34950824ca9322d728beb906090454aa599b5cbce4ea0983b78f68cda2a35,a4dd7b426e0ea102b848d4e5ed7a7fd50bc47a04e56c74279b8ea92d9c3f9ffc,7458c80f91882cd0c095544e62419c5e06c6ddd54444c5d0720711dc293c930c,43e13009d146290e34abe06d8bc546b0a2b340a0b70f6a522ac559cc4e5fe72a,93c30e060b5d779a00f64dc920e3d31314c74a32e8294d0cbd2fd3297b635bdd,311cae645ca75382cd7cf3d756fc284c4220fb67d8da2c7632fe5837130895d1,f4c7c74d26a600f2e808b36f06b32eb2d68bf1cf2b59324f2be1691f642dc63c,f4626d9b1a52829b002cc2562f4db4ea0afe649dc196daa4dd21442dfb1c7d95,ed800bc1868e100ba8c942781053f3a6c2b4d240,,0.0,30,3,,,0.375,151.98685827897862,,{},,,299096,False,,,transfer_to_human_agents,1,1.0,25,0,,,False,DB|NL_ASSERTION,True,DB|NL_ASSERTION,3184,7,0.375,1.0,1,0.375,6,local_proxy_success,6,b25c9cb211f5efcaee5dd646054a73c4a9f43f4f5acc32c10713cd9f9ac20e9c,b25c9cb211f5efcaee5dd646054a73c4a9f43f4f5acc32c10713cd9f9ac20e9c,False,I am irritated by this customer service process.,0,0.375,find_user_id_by_name_zip > get_user_details > get_order_details > get_order_details > get_order_details > get_product_details > get_product_details > transfer_to_human_agents,8,0,5,0,25,25,1
